team,date,points,goals,goals_against,power_play,penalty_kill,shots,shots_against,FOWp,opponent,identifier,rolling_points_5,rolling_points_10,rolling_points_20,rolling_goals_5,rolling_goals_10,rolling_ga_5,rolling_ga_10,rolling_pp_5,rolling_pk_5,rolling_shots_5,rolling_sa_5,rolling_fow_5,rolling_ga_sum,rolling_sa_sum,rolling_svp_5
Atlanta Thrashers,2005-10-05,0,0,2,0.0,87.5,34.0,29.0,52.4,Florida Panthers,@,,,,,,,,,,,,,,,
Atlanta Thrashers,2005-10-07,2,7,3,50.0,71.4,39.0,22.0,55.6,Washington Capitals,@,,,,,,,,,,,,,,,
Atlanta Thrashers,2005-10-08,2,8,1,26.7,88.9,42.0,20.0,43.9,Washington Capitals,vs,,,,,,,,,,,,,,,
Atlanta Thrashers,2005-10-12,0,0,2,0.0,100.0,32.0,35.0,51.6,Montréal Canadiens,vs,,,,,,,,,,,,,,,
Atlanta Thrashers,2005-10-14,0,1,9,0.0,56.3,20.0,34.0,39.4,Toronto Maple Leafs,vs,,,,,,,,,,,,,,,
Atlanta Thrashers,2005-10-15,0,1,5,0.0,75.0,29.0,29.0,43.1,New York Rangers,@,,,,,,,,,,,,,,,
Atlanta Thrashers,2005-10-20,0,0,6,0.0,80.0,15.0,36.0,44.0,Tampa Bay Lightning,vs,,,,,,,,,,,,,,,
Atlanta Thrashers,2005-10-22,2,4,3,14.3,100.0,28.0,35.0,50.7,New Jersey Devils,vs,,,,,,,,,,,,,,,
Atlanta Thrashers,2005-10-25,0,3,4,27.3,66.7,36.0,26.0,51.5,New York Islanders,@,,,,,,,,,,,,,,,
Atlanta Thrashers,2005-10-27,0,5,7,42.9,45.5,35.0,30.0,54.8,Pittsburgh Penguins,@,,,,,,,,,,,,,,,
Atlanta Thrashers,2005-10-29,0,2,3,20.0,80.0,31.0,23.0,50.8,Tampa Bay Lightning,vs,,,,,,,,,,,,,,,
Atlanta Thrashers,2005-11-01,2,6,4,100.0,100.0,29.0,33.0,42.0,Tampa Bay Lightning,@,,,,,,,,,,,,,,,
Atlanta Thrashers,2005-11-04,1,2,2,0.0,100.0,37.0,32.0,46.3,Washington Capitals,@,,,,,,,,,,,,,,,
Atlanta Thrashers,2005-11-05,0,3,4,25.0,71.4,31.0,18.0,54.1,Philadelphia Flyers,@,,,,,,,,,,,,,,,
Atlanta Thrashers,2005-11-09,2,5,0,16.7,100.0,40.0,26.0,55.6,Pittsburgh Penguins,vs,,,,,,,,,,,,,,,
Atlanta Thrashers,2005-11-11,2,5,2,37.5,100.0,27.0,36.0,55.6,Tampa Bay Lightning,vs,,,,,,,,,,,,,,,
Atlanta Thrashers,2005-11-12,2,9,0,30.8,100.0,36.0,19.0,50.0,Carolina Hurricanes,@,,,,,,,,,,,,,,,
Atlanta Thrashers,2005-11-16,0,3,7,0.0,75.0,42.0,39.0,50.8,New York Islanders,vs,,,,,,,,,,,,,,,
Atlanta Thrashers,2005-11-18,2,6,5,40.0,66.7,36.0,36.0,44.6,Philadelphia Flyers,@,,,,,,,,,,,,,,,
Atlanta Thrashers,2005-11-19,0,1,5,25.0,100.0,32.0,38.0,37.9,Toronto Maple Leafs,@,,,,,,,,,,,,,,,
Atlanta Thrashers,2005-11-22,1,2,2,0.0,77.8,38.0,30.0,48.4,Montréal Canadiens,@,0.85,,,3.55,,3.7,,22.81,83.22,32.55,29.8,48.735,74.0,596.0,0.8758389261744967
Atlanta Thrashers,2005-11-24,0,3,6,33.3,100.0,25.0,33.0,65.0,New York Rangers,vs,0.9,,,3.65,,3.7,,22.81,82.735,32.75,29.85,48.535000000000004,74.0,597.0,0.8760469011725294
Atlanta Thrashers,2005-11-26,2,7,4,14.3,0.0,37.0,20.0,49.3,Florida Panthers,vs,0.8,,,3.45,,3.85,,21.975,84.16499999999999,32.05,30.4,49.005,77.0,608.0,0.8733552631578947
Atlanta Thrashers,2005-11-27,2,5,2,28.6,100.0,20.0,29.0,41.9,Carolina Hurricanes,@,0.8,,,3.4,,4.0,,21.355,79.72,31.8,30.4,49.275,80.0,608.0,0.868421052631579
Atlanta Thrashers,2005-11-29,1,3,4,20.0,60.0,31.0,23.0,46.5,Carolina Hurricanes,vs,0.9,,,3.65,,4.0,,22.785,79.72,31.2,30.1,48.79,80.0,602.0,0.867109634551495
Atlanta Thrashers,2005-12-01,0,0,4,0.0,72.7,28.0,28.0,56.7,Toronto Maple Leafs,vs,0.95,,,3.75,,3.75,,23.785,79.905,31.75,29.55,49.144999999999996,75.0,591.0,0.8730964467005076
Atlanta Thrashers,2005-12-03,0,1,2,0.0,75.0,21.0,28.0,46.2,Anaheim Ducks,@,0.95,,,3.7,,3.7,,23.785,79.79,31.7,29.5,49.825,74.0,590.0,0.8745762711864407
Atlanta Thrashers,2005-12-05,0,2,5,25.0,83.3,29.0,31.0,47.6,Phoenix Coyotes,@,0.95,,,3.75,,3.5,,23.785,79.54,32.0,29.1,49.935,70.0,582.0,0.8797250859106529
Atlanta Thrashers,2005-12-06,0,3,5,0.0,60.0,25.0,26.0,55.2,San Jose Sharks,@,0.85,,,3.65,,3.6,,24.32,78.70500000000001,32.05,28.9,49.779999999999994,72.0,578.0,0.8754325259515571
Atlanta Thrashers,2005-12-09,2,5,2,16.7,80.0,31.0,28.0,39.3,Columbus Blue Jackets,vs,0.85,,,3.65,,3.65,,22.955,78.37,31.5,28.9,49.964999999999996,73.0,578.0,0.8737024221453287
Atlanta Thrashers,2005-12-11,1,4,4,14.3,100.0,37.0,32.0,55.2,Chicago Blackhawks,vs,0.95,,,3.65,,3.4,,21.645000000000003,80.095,31.3,28.8,49.19,68.0,576.0,0.8819444444444444
Atlanta Thrashers,2005-12-13,2,7,6,42.9,50.0,32.0,36.0,40.5,Detroit Red Wings,vs,1.0,,,3.75,,3.45,,21.36,81.095,31.6,29.25,49.410000000000004,69.0,585.0,0.882051282051282
Atlanta Thrashers,2005-12-15,2,3,2,20.0,100.0,33.0,26.0,39.2,New Jersey Devils,@,1.0,,,3.8,,3.55,,18.505000000000003,78.595,31.75,29.4,49.335,71.0,588.0,0.8792517006802721
Atlanta Thrashers,2005-12-17,2,2,1,0.0,100.0,31.0,28.0,46.7,Florida Panthers,vs,1.05,,,3.85,,3.55,,19.505000000000003,78.595,31.55,29.1,48.980000000000004,71.0,582.0,0.8780068728522337
Atlanta Thrashers,2005-12-22,1,5,5,33.3,62.5,34.0,37.0,56.4,Washington Capitals,vs,1.15,,,3.8,,3.4,,18.255000000000003,80.025,31.55,29.6,48.61,68.0,592.0,0.8851351351351351
Atlanta Thrashers,2005-12-23,2,1,0,25.0,100.0,23.0,29.0,46.6,New Jersey Devils,@,1.1,,,3.8,,3.65,,19.085,78.15,31.25,30.15,48.65,73.0,603.0,0.87893864013267
Atlanta Thrashers,2005-12-26,2,4,0,28.6,100.0,38.0,36.0,54.7,Montréal Canadiens,vs,1.1,,,3.6,,3.55,,18.46,78.15,31.05,29.8,48.2,71.0,596.0,0.8808724832214765
Atlanta Thrashers,2005-12-28,1,3,4,0.0,100.0,31.0,32.0,49.1,Philadelphia Flyers,vs,1.1,,,3.35,,3.55,,18.35,78.15,31.15,30.65,48.435,71.0,613.0,0.8841761827079935
Atlanta Thrashers,2005-12-30,0,1,4,0.0,71.4,35.0,29.0,44.9,Buffalo Sabres,@,1.15,,,3.35,,3.4,,18.35,79.4,30.6,30.3,48.35,68.0,606.0,0.8877887788778878
Atlanta Thrashers,2006-01-01,2,5,2,33.3,80.0,43.0,21.0,50.8,Washington Capitals,@,1.05,,,3.1,,3.35,,16.35,79.63499999999999,30.55,29.95,48.365,67.0,599.0,0.8881469115191987
Atlanta Thrashers,2006-01-02,2,8,3,33.3,100.0,27.0,27.0,64.3,Ottawa Senators,vs,1.15,1.0,,3.3,3.425,3.2,3.45,16.765,78.63499999999999,31.1,29.1,49.01,64.0,582.0,0.8900343642611683
Atlanta Thrashers,2006-01-04,0,3,4,25.0,71.4,26.0,22.0,44.4,Carolina Hurricanes,@,1.2,1.05,,3.6,3.625,3.25,3.475,18.43,79.745,30.55,28.95,49.805,65.0,579.0,0.8877374784110535
Atlanta Thrashers,2006-01-06,2,6,4,40.0,57.1,32.0,31.0,53.2,Pittsburgh Penguins,vs,1.2,1.0,,3.6,3.525,3.15,3.5,18.015,78.315,30.6,28.4,48.775,63.0,568.0,0.8890845070422535
Atlanta Thrashers,2006-01-07,2,4,3,25.0,75.0,32.0,31.0,50.0,Pittsburgh Penguins,@,1.2,1.0,,3.55,3.475,3.15,3.575,19.3,81.17,30.35,28.95,48.97,63.0,579.0,0.8911917098445595
Atlanta Thrashers,2006-01-11,2,3,3,10.0,80.0,41.0,26.0,42.5,Nashville Predators,vs,1.2,1.05,,3.5,3.575,3.2,3.6,19.12,79.92,30.95,29.05,49.375,64.0,581.0,0.8898450946643718
Atlanta Thrashers,2006-01-13,2,2,0,12.5,100.0,24.0,37.0,45.5,St. Louis Blues,vs,1.25,1.1,,3.5,3.625,3.15,3.45,18.62,80.92,31.45,29.2,49.175,63.0,584.0,0.8921232876712328
Atlanta Thrashers,2006-01-18,2,5,2,16.7,60.0,21.0,27.0,34.6,Dallas Stars,@,1.35,1.15,,3.6,3.65,2.95,3.325,19.245,82.285,31.25,29.65,48.614999999999995,59.0,593.0,0.9005059021922428
Atlanta Thrashers,2006-01-19,0,6,8,0.0,75.0,39.0,36.0,57.8,Los Angeles Kings,@,1.45,1.2,,3.8,3.775,2.95,3.225,20.080000000000002,81.535,31.25,29.6,48.035,59.0,592.0,0.9003378378378378
Atlanta Thrashers,2006-01-21,0,0,2,0.0,60.0,20.0,24.0,48.2,Tampa Bay Lightning,vs,1.45,1.15,,4.0,3.825,3.1,3.35,18.830000000000002,81.12,31.75,29.85,48.545,62.0,597.0,0.8961474036850922
Atlanta Thrashers,2006-01-24,0,2,3,20.0,88.9,24.0,32.0,58.3,Boston Bruins,vs,1.45,1.15,,3.85,3.75,2.95,3.3,18.830000000000002,81.12,31.5,29.75,48.195,59.0,595.0,0.9008403361344538
Atlanta Thrashers,2006-01-26,0,1,5,0.0,62.5,31.0,33.0,52.5,Carolina Hurricanes,vs,1.35,1.15,,3.7,3.675,3.0,3.2,18.994999999999997,81.565,31.15,29.95,49.145,60.0,599.0,0.8998330550918197
Atlanta Thrashers,2006-01-28,0,1,4,12.5,88.9,18.0,27.0,35.1,Carolina Hurricanes,@,1.3,1.15,,3.55,3.65,3.05,3.25,18.28,79.69,30.85,30.0,49.010000000000005,61.0,600.0,0.8983333333333333
Atlanta Thrashers,2006-01-31,0,2,5,0.0,100.0,37.0,35.0,50.0,Buffalo Sabres,vs,1.2,1.1,,3.25,3.525,2.95,3.25,16.759999999999998,81.635,30.15,29.55,48.739999999999995,59.0,591.0,0.9001692047377327
Atlanta Thrashers,2006-02-03,0,2,5,9.1,71.4,39.0,37.0,50.7,Florida Panthers,@,1.1,1.075,,3.2,3.525,3.1,3.325,15.76,81.635,30.35,30.0,49.279999999999994,62.0,600.0,0.8966666666666666
Atlanta Thrashers,2006-02-04,2,6,4,40.0,66.7,27.0,32.0,51.8,Florida Panthers,vs,1.0,1.075,,3.2,3.5,3.3,3.35,16.214999999999996,80.205,30.75,30.45,49.480000000000004,66.0,609.0,0.8916256157635468
Atlanta Thrashers,2006-02-07,0,1,4,20.0,80.0,34.0,28.0,51.9,Toronto Maple Leafs,@,1.05,1.075,,3.25,3.525,3.25,3.45,16.55,80.41499999999999,30.4,30.2,49.25,65.0,604.0,0.8923841059602649
Atlanta Thrashers,2006-02-09,2,2,1,40.0,100.0,22.0,35.0,56.1,Ottawa Senators,@,0.95,1.025,,3.25,3.425,3.45,3.5,16.3,79.41499999999999,30.95,30.15,49.515,69.0,603.0,0.8855721393034826
Atlanta Thrashers,2006-02-11,2,1,1,0.0,100.0,23.0,27.0,52.0,Montréal Canadiens,@,0.95,1.025,,3.15,3.25,3.5,3.525,16.869999999999997,79.41499999999999,30.15,30.1,49.584999999999994,70.0,602.0,0.8837209302325582
Atlanta Thrashers,2006-03-01,2,4,2,33.3,77.8,25.0,36.0,43.1,Buffalo Sabres,@,1.0,1.075,,3.05,3.2,3.35,3.375,16.869999999999997,79.41499999999999,29.75,29.85,49.73,67.0,597.0,0.8877721943048577
Atlanta Thrashers,2006-03-02,0,2,3,20.0,75.0,22.0,31.0,50.8,Boston Bruins,@,1.1,1.075,,3.2,3.15,3.25,3.3,18.535,79.735,29.25,30.2,49.64,65.0,604.0,0.8923841059602649
Atlanta Thrashers,2006-03-04,2,3,2,16.7,75.0,34.0,32.0,51.4,Washington Capitals,vs,1.0,1.075,1.0,3.05,3.175,3.3,3.25,17.869999999999997,79.48499999999999,28.2,30.7,49.64,66.0,614.0,0.8925081433224755
Atlanta Thrashers,2006-03-06,2,3,3,0.0,100.0,34.0,40.0,56.2,Florida Panthers,vs,1.0,1.1,1.0333333333333334,2.8,3.2,3.25,3.25,17.04,78.23499999999999,28.55,30.95,48.995,65.0,619.0,0.8949919224555735
Atlanta Thrashers,2006-03-08,2,2,2,0.0,87.5,35.0,34.0,53.5,New York Rangers,vs,1.1,1.15,1.0333333333333334,2.8,3.2,3.2,3.175,15.789999999999997,79.66499999999999,28.95,31.85,49.584999999999994,64.0,637.0,0.8995290423861853
Atlanta Thrashers,2006-03-10,0,1,3,20.0,100.0,17.0,35.0,50.7,Ottawa Senators,vs,1.1,1.15,1.0333333333333334,2.6,3.075,3.1,3.125,13.789999999999997,81.18499999999999,29.1,32.0,49.6,62.0,640.0,0.903125
Atlanta Thrashers,2006-03-12,2,3,2,25.0,83.3,31.0,35.0,47.4,New York Rangers,@,1.0,1.1,1.0333333333333334,2.45,2.975,3.1,3.15,13.540000000000001,82.43499999999999,28.35,32.2,49.635000000000005,62.0,644.0,0.9037267080745341
Atlanta Thrashers,2006-03-16,2,4,2,0.0,100.0,39.0,30.0,56.7,New York Islanders,vs,1.0,1.125,1.0666666666666667,2.45,2.975,3.05,3.1,14.290000000000001,82.6,27.85,32.65,49.88,61.0,653.0,0.9065849923430321
Atlanta Thrashers,2006-03-18,0,2,4,11.1,75.0,27.0,27.0,68.8,Philadelphia Flyers,vs,1.0,1.175,1.1,2.55,3.075,3.15,3.05,13.665000000000001,82.6,28.6,32.3,50.440000000000005,63.0,646.0,0.9024767801857585
Atlanta Thrashers,2006-03-20,2,5,0,20.0,100.0,23.0,20.0,62.7,Buffalo Sabres,vs,0.9,1.175,1.1,2.4,3.1,3.25,3.1,13.385,83.35,28.9,32.3,52.15,65.0,646.0,0.8993808049535603
Atlanta Thrashers,2006-03-21,2,4,4,14.3,66.7,40.0,31.0,44.3,Boston Bruins,@,1.0,1.225,1.1,2.35,3.175,2.85,2.975,14.385,84.6,28.1,31.5,52.394999999999996,57.0,630.0,0.9095238095238095
Atlanta Thrashers,2006-03-23,2,6,5,28.6,50.0,30.0,41.0,63.5,New Jersey Devils,vs,1.1,1.275,1.1333333333333333,2.55,3.2,2.95,2.95,15.1,84.93499999999999,29.1,31.85,52.2,59.0,637.0,0.9073783359497645
Atlanta Thrashers,2006-03-25,0,1,5,16.7,66.7,22.0,33.0,42.4,New York Islanders,@,1.2,1.275,1.1666666666666667,2.75,3.225,3.05,3.025,15.530000000000001,82.99,29.4,32.3,52.46,61.0,646.0,0.9055727554179567
Atlanta Thrashers,2006-03-30,0,3,4,0.0,80.0,22.0,33.0,51.8,Tampa Bay Lightning,@,1.2,1.25,1.1666666666666667,2.75,3.15,3.05,3.05,16.365000000000002,83.2,28.95,32.3,51.955,61.0,646.0,0.9055727554179567
Atlanta Thrashers,2006-04-01,2,5,2,0.0,100.0,26.0,35.0,50.9,Carolina Hurricanes,vs,1.2,1.2,1.1333333333333333,2.85,3.05,3.05,3.0,15.74,82.755,29.15,32.6,52.79,61.0,652.0,0.906441717791411
Atlanta Thrashers,2006-04-03,0,4,6,42.9,40.0,37.0,28.0,54.2,Ottawa Senators,@,1.3,1.2,1.15,3.0,3.1,2.9,3.0,15.74,82.755,28.6,32.6,52.835,58.0,652.0,0.911042944785276
Atlanta Thrashers,2006-04-05,2,5,2,28.6,80.0,34.0,40.0,50.0,Florida Panthers,@,1.3,1.15,1.15,3.1,3.15,2.95,3.125,17.43,81.185,28.5,32.15,53.010000000000005,59.0,643.0,0.9082426127527217
Atlanta Thrashers,2006-04-06,1,2,2,25.0,60.0,31.0,29.0,36.0,Tampa Bay Lightning,@,1.3,1.175,1.15,3.05,3.15,2.85,3.05,16.86,81.85,28.85,32.55,52.92,57.0,651.0,0.9124423963133641
Atlanta Thrashers,2006-04-08,2,5,2,25.0,60.0,34.0,25.0,59.3,Carolina Hurricanes,vs,1.35,1.15,1.1333333333333333,3.1,3.175,2.75,3.1,17.11,80.85,28.7,32.6,52.125,55.0,652.0,0.9156441717791411
Atlanta Thrashers,2006-04-11,2,6,2,25.0,80.0,24.0,34.0,52.5,Tampa Bay Lightning,@,1.35,1.15,1.1333333333333333,3.25,3.2,2.8,3.15,16.36,78.85,29.3,32.1,52.285000000000004,56.0,642.0,0.9127725856697819
Atlanta Thrashers,2006-04-13,2,5,3,25.0,87.5,28.0,25.0,63.2,Washington Capitals,vs,1.35,1.175,1.1666666666666667,3.5,3.275,2.85,3.1,17.61,77.85,29.35,32.45,52.31,57.0,649.0,0.9121725731895224
Atlanta Thrashers,2006-04-15,2,4,3,0.0,100.0,35.0,26.0,62.1,Boston Bruins,vs,1.35,1.225,1.1666666666666667,3.55,3.375,2.9,3.075,17.195,78.33500000000001,29.5,31.9,53.315,58.0,638.0,0.9090909090909091
Atlanta Thrashers,2006-04-17,0,4,6,0.0,83.3,42.0,28.0,44.3,Washington Capitals,@,1.45,1.225,1.2,3.65,3.35,2.9,3.1,16.195,79.58500000000001,30.15,31.65,53.879999999999995,58.0,633.0,0.9083728278041074
Atlanta Thrashers,2006-04-18,1,1,2,0.0,75.0,40.0,30.0,38.8,Florida Panthers,@,1.35,1.175,1.1833333333333333,3.7,3.25,3.1,3.175,15.36,80.0,30.55,31.45,53.525,62.0,629.0,0.9014308426073132
Atlanta Thrashers,2006-10-05,1,2,2,28.6,85.7,11.0,26.0,54.8,Tampa Bay Lightning,vs,1.3,1.2,1.2,3.6,3.2,3.05,3.125,15.36,78.75,30.85,30.95,52.65500000000001,61.0,619.0,0.901453957996769
Atlanta Thrashers,2006-10-07,2,6,0,25.0,100.0,34.0,22.0,61.0,Florida Panthers,vs,1.25,1.175,1.1833333333333333,3.6,3.1,3.05,3.075,16.79,78.66,29.65,30.55,52.720000000000006,61.0,611.0,0.900163666121113
Atlanta Thrashers,2006-10-09,2,1,0,0.0,100.0,19.0,34.0,50.0,Tampa Bay Lightning,@,1.35,1.175,1.1833333333333333,3.85,3.15,2.9,3.0,17.04,78.66,30.5,29.9,53.235,58.0,598.0,0.903010033444816
Atlanta Thrashers,2006-10-11,2,4,1,25.0,87.5,28.0,23.0,57.4,Boston Bruins,vs,1.35,1.175,1.2,3.75,3.1,2.8,2.925,15.790000000000001,79.49499999999999,29.9,29.85,53.364999999999995,56.0,597.0,0.9061976549413735
Atlanta Thrashers,2006-10-13,0,3,4,0.0,100.0,34.0,33.0,43.6,Carolina Hurricanes,vs,1.35,1.175,1.2333333333333334,3.75,3.15,2.75,2.95,17.04,78.86999999999999,29.35,29.5,53.4,55.0,590.0,0.9067796610169492
Atlanta Thrashers,2006-10-14,2,4,3,20.0,88.9,31.0,38.0,43.8,Washington Capitals,@,1.35,1.125,1.2333333333333334,3.8,3.1,2.75,3.0,16.485000000000003,80.11999999999999,29.7,29.8,52.14,55.0,596.0,0.9077181208053692
Atlanta Thrashers,2006-10-19,2,3,3,14.3,80.0,43.0,30.0,55.7,Washington Capitals,vs,1.35,1.175,1.2666666666666666,3.75,3.05,2.9,2.875,16.485000000000003,79.565,30.1,30.7,51.195,58.0,614.0,0.9055374592833876
Atlanta Thrashers,2006-10-21,2,4,2,12.5,83.3,24.0,20.0,59.6,Florida Panthers,vs,1.35,1.225,1.3,3.7,3.125,2.85,2.9,16.485,80.23,30.25,30.65,51.765,57.0,613.0,0.9070146818923328
Atlanta Thrashers,2006-10-23,2,6,3,71.4,100.0,27.0,28.0,49.3,Florida Panthers,@,1.35,1.275,1.3,3.6,3.175,2.7,2.875,15.679999999999998,81.89500000000001,29.95,29.6,51.57000000000001,54.0,592.0,0.9087837837837838
Atlanta Thrashers,2006-10-25,1,4,5,0.0,83.3,36.0,38.0,50.0,Carolina Hurricanes,@,1.45,1.325,1.3166666666666667,3.85,3.3,2.6,2.825,18.415,83.56,30.2,29.35,51.915,52.0,587.0,0.9114139693356048
Atlanta Thrashers,2006-10-26,1,2,2,0.0,50.0,30.0,31.0,50.0,Philadelphia Flyers,@,1.5,1.35,1.3,3.9,3.375,2.65,2.85,18.415,83.725,30.9,29.6,51.825,53.0,592.0,0.910472972972973
Atlanta Thrashers,2006-10-28,2,4,4,0.0,80.0,36.0,36.0,48.7,Buffalo Sabres,@,1.45,1.375,1.2833333333333334,3.75,3.375,2.65,2.775,18.415,81.225,31.1,29.4,51.779999999999994,53.0,588.0,0.9098639455782312
Atlanta Thrashers,2006-10-30,0,2,4,14.3,57.1,33.0,22.0,54.0,Toronto Maple Leafs,@,1.55,1.425,1.2833333333333334,3.75,3.425,2.55,2.75,16.270000000000003,83.225,31.05,29.8,51.504999999999995,51.0,596.0,0.9144295302013423
Atlanta Thrashers,2006-11-01,0,2,5,10.0,100.0,42.0,18.0,50.8,Carolina Hurricanes,vs,1.45,1.375,1.2666666666666666,3.6,3.325,2.65,2.75,15.555000000000001,82.08000000000001,31.0,28.9,51.705,53.0,578.0,0.9083044982698962
Atlanta Thrashers,2006-11-03,2,4,3,0.0,80.0,34.0,27.0,50.8,Washington Capitals,@,1.4,1.375,1.2333333333333334,3.6,3.35,2.8,2.775,14.805000000000001,84.08000000000001,31.55,28.35,52.44499999999999,56.0,567.0,0.9012345679012346
Atlanta Thrashers,2006-11-04,2,4,1,20.0,100.0,19.0,24.0,49.2,New York Islanders,@,1.4,1.375,1.2333333333333334,3.55,3.4,2.85,2.825,13.555000000000001,85.08000000000001,31.55,28.45,52.02,57.0,569.0,0.8998242530755711
Atlanta Thrashers,2006-11-06,2,5,3,36.4,60.0,39.0,27.0,58.3,Boston Bruins,vs,1.4,1.375,1.25,3.45,3.475,2.8,2.825,13.305000000000001,86.08000000000001,31.3,27.95,51.855,56.0,559.0,0.8998211091234347
Atlanta Thrashers,2006-11-08,2,5,4,33.3,83.3,31.0,38.0,46.7,Ottawa Senators,vs,1.4,1.375,1.2833333333333334,3.45,3.5,2.8,2.85,13.875,84.70500000000001,31.85,28.05,51.61,56.0,561.0,0.9001782531194296
Atlanta Thrashers,2006-11-10,0,2,5,33.3,50.0,30.0,25.0,55.4,New York Rangers,vs,1.4,1.425,1.2833333333333334,3.5,3.575,2.85,2.875,15.540000000000001,83.87,31.65,28.65,50.84,57.0,573.0,0.900523560209424
Atlanta Thrashers,2006-11-11,0,3,5,20.0,72.7,30.0,36.0,53.6,Tampa Bay Lightning,@,1.4,1.375,1.25,3.4,3.55,2.8,2.95,17.205000000000002,82.20500000000001,31.05,28.5,51.394999999999996,56.0,570.0,0.9017543859649123
Atlanta Thrashers,2006-11-17,0,3,5,0.0,66.7,23.0,22.0,47.2,Dallas Stars,vs,1.35,1.325,1.25,3.5,3.55,2.95,3.0,18.205000000000002,82.09,30.55,28.8,52.135000000000005,59.0,576.0,0.8975694444444444
Atlanta Thrashers,2006-11-18,0,1,3,0.0,80.0,40.0,33.0,49.1,Montréal Canadiens,@,1.3,1.275,1.2166666666666666,3.55,3.575,3.1,3.075,16.775,81.14,31.15,28.6,51.754999999999995,62.0,572.0,0.8916083916083916
Atlanta Thrashers,2006-11-22,2,4,2,12.5,66.7,32.0,26.0,59.2,Washington Capitals,@,1.2,1.275,1.1833333333333333,3.3,3.575,3.25,3.075,15.525,80.14,31.45,29.15,51.16,65.0,583.0,0.888507718696398
Atlanta Thrashers,2006-11-24,1,2,3,0.0,60.0,25.0,33.0,48.3,Tampa Bay Lightning,@,1.2,1.275,1.1833333333333333,3.45,3.6,3.35,3.075,16.15,78.475,32.1,28.75,51.61999999999999,67.0,575.0,0.8834782608695653
Atlanta Thrashers,2006-11-25,2,1,0,0.0,100.0,28.0,37.0,63.9,Florida Panthers,vs,1.15,1.25,1.1666666666666667,3.35,3.55,3.45,3.1,14.9,77.1,31.95,29.25,51.165,69.0,585.0,0.882051282051282
Atlanta Thrashers,2006-11-28,2,5,4,0.0,50.0,30.0,34.0,47.7,New York Rangers,@,1.25,1.3,1.1666666666666667,3.25,3.525,3.25,3.0,14.9,77.1,31.65,29.45,52.17999999999999,65.0,589.0,0.8896434634974533
Atlanta Thrashers,2006-11-30,2,5,0,42.9,100.0,27.0,36.0,41.7,Toronto Maple Leafs,vs,1.25,1.3,1.2,3.3,3.525,3.3,3.1,13.9,75.155,31.6,29.25,52.375,66.0,585.0,0.8871794871794871
Atlanta Thrashers,2006-12-02,2,3,1,12.5,100.0,25.0,28.0,49.2,Florida Panthers,@,1.25,1.3,1.2333333333333334,3.4,3.55,3.15,3.0,15.330000000000002,76.155,30.8,29.55,51.675,63.0,591.0,0.8934010152284264
Atlanta Thrashers,2006-12-05,2,5,2,20.0,66.7,37.0,19.0,46.9,Toronto Maple Leafs,@,1.25,1.3,1.2666666666666666,3.35,3.475,3.1,2.9,15.330000000000002,76.99,30.85,29.95,51.155,62.0,599.0,0.8964941569282137
Atlanta Thrashers,2006-12-07,0,0,8,0.0,75.0,21.0,38.0,44.4,Tampa Bay Lightning,@,1.25,1.35,1.3,3.3,3.575,3.05,2.825,12.76,75.325,31.35,29.5,51.035,61.0,590.0,0.8966101694915254
Atlanta Thrashers,2006-12-09,1,3,4,16.7,50.0,23.0,43.0,47.3,Pittsburgh Penguins,vs,1.2,1.35,1.3,3.1,3.5,3.2,2.925,12.76,74.91,30.6,29.5,50.755,64.0,590.0,0.8915254237288136
Atlanta Thrashers,2006-12-13,0,1,2,14.3,80.0,35.0,32.0,61.1,Anaheim Ducks,vs,1.2,1.325,1.3166666666666667,3.15,3.45,3.3,2.975,13.594999999999999,74.91,30.25,30.1,50.62,66.0,602.0,0.8903654485049833
Atlanta Thrashers,2006-12-15,1,2,3,33.3,60.0,30.0,33.0,65.1,Washington Capitals,vs,1.1,1.325,1.3166666666666667,3.0,3.375,3.2,2.875,14.309999999999999,74.91,30.2,29.9,51.239999999999995,64.0,598.0,0.8929765886287625
Atlanta Thrashers,2006-12-16,0,0,6,0.0,100.0,37.0,32.0,56.1,New York Islanders,@,1.15,1.3,1.3,3.0,3.3,3.15,2.9,15.26,75.05499999999999,30.05,30.45,51.795,63.0,609.0,0.896551724137931
Atlanta Thrashers,2006-12-19,2,3,3,0.0,60.0,31.0,34.0,45.2,New Jersey Devils,@,1.15,1.275,1.3,2.9,3.25,3.2,3.0,14.76,75.05499999999999,29.8,31.15,52.06,64.0,623.0,0.8972712680577849
Atlanta Thrashers,2006-12-21,2,3,3,28.6,100.0,32.0,39.0,61.7,Pittsburgh Penguins,vs,1.15,1.275,1.3,2.85,3.2,3.2,3.025,14.76,74.05499999999999,29.65,31.5,51.779999999999994,64.0,630.0,0.8984126984126984
Atlanta Thrashers,2006-12-23,2,5,2,0.0,75.0,27.0,38.0,58.5,New Jersey Devils,vs,1.15,1.275,1.3,2.8,3.125,3.3,3.05,15.189999999999998,74.05499999999999,30.3,32.25,52.404999999999994,66.0,645.0,0.8976744186046511
Atlanta Thrashers,2006-12-26,2,2,1,0.0,100.0,29.0,25.0,74.5,Tampa Bay Lightning,vs,1.15,1.275,1.3,2.8,3.125,3.25,3.025,13.37,74.80499999999999,29.7,32.8,52.415,65.0,656.0,0.9009146341463414
Atlanta Thrashers,2006-12-27,2,4,2,33.3,66.7,31.0,37.0,54.7,Pittsburgh Penguins,@,1.15,1.275,1.3333333333333333,2.65,3.075,3.1,2.975,11.705,75.64,29.6,32.15,53.80499999999999,62.0,643.0,0.9035769828926905
Atlanta Thrashers,2006-12-30,0,1,4,0.0,80.0,30.0,32.0,51.6,Buffalo Sabres,@,1.25,1.325,1.3333333333333333,2.75,3.075,2.95,2.875,11.705000000000002,76.475,29.65,32.75,53.77,59.0,655.0,0.9099236641221374
Atlanta Thrashers,2007-01-01,2,3,2,33.3,50.0,29.0,35.0,51.5,Ottawa Senators,@,1.25,1.3,1.3,2.65,3.075,2.9,2.925,10.705000000000002,76.84,29.65,32.55,53.669999999999995,58.0,651.0,0.9109062980030722
Atlanta Thrashers,2007-01-02,0,1,5,33.3,75.0,15.0,35.0,59.3,Minnesota Wild,@,1.35,1.325,1.3,2.65,3.1,2.75,2.925,12.370000000000001,76.00500000000001,29.95,33.2,53.88499999999999,55.0,664.0,0.9171686746987951
Atlanta Thrashers,2007-01-05,1,4,5,0.0,80.0,22.0,31.0,45.3,Phoenix Coyotes,vs,1.35,1.275,1.3,2.65,2.975,2.85,3.05,14.035,75.75500000000001,28.7,33.3,54.395,57.0,666.0,0.9144144144144144
Atlanta Thrashers,2007-01-06,1,2,3,20.0,75.0,22.0,37.0,50.9,Washington Capitals,@,1.3,1.25,1.2833333333333334,2.65,3.05,3.0,3.175,13.41,76.42,28.2,33.55,53.7,60.0,671.0,0.910581222056632
Atlanta Thrashers,2007-01-09,0,2,4,0.0,80.0,30.0,34.0,37.5,Montréal Canadiens,@,1.3,1.225,1.2666666666666666,2.65,3.0,3.0,3.225,14.41,77.17,28.05,33.75,53.83,60.0,675.0,0.9111111111111111
Atlanta Thrashers,2007-01-12,0,1,2,0.0,66.7,26.0,34.0,50.0,New Jersey Devils,@,1.2,1.225,1.2666666666666666,2.7,2.975,3.2,3.225,14.41,76.17,28.15,33.6,52.510000000000005,64.0,672.0,0.9047619047619048
Atlanta Thrashers,2007-01-13,2,3,3,14.3,100.0,26.0,27.0,50.9,Carolina Hurricanes,@,1.1,1.175,1.2333333333333334,2.5,2.9,3.1,3.2,14.41,77.00500000000001,27.95,33.6,52.625,62.0,672.0,0.9077380952380952
Atlanta Thrashers,2007-01-16,2,6,2,66.7,100.0,29.0,30.0,68.9,Los Angeles Kings,vs,1.1,1.175,1.2333333333333334,2.4,2.9,3.25,3.2,12.98,77.00500000000001,27.9,33.15,53.085,65.0,663.0,0.9019607843137255
Atlanta Thrashers,2007-01-18,0,1,4,0.0,33.3,45.0,33.0,54.4,Montréal Canadiens,vs,1.1,1.175,1.2333333333333334,2.55,2.95,3.3,3.2,15.690000000000001,77.00500000000001,28.1,33.25,54.07000000000001,66.0,665.0,0.9007518796992481
Atlanta Thrashers,2007-01-20,2,3,1,0.0,100.0,32.0,30.0,47.4,New York Rangers,@,1.0,1.125,1.2333333333333334,2.35,2.825,3.4,3.225,14.690000000000001,75.33500000000001,28.5,33.95,54.44499999999999,68.0,679.0,0.8998527245949927
Atlanta Thrashers,2007-01-26,2,5,4,0.0,100.0,33.0,33.0,54.9,New York Islanders,vs,1.1,1.15,1.2666666666666666,2.5,2.8,3.05,3.125,14.690000000000001,76.58500000000001,29.05,33.55,54.595000000000006,61.0,671.0,0.9090909090909091
Atlanta Thrashers,2007-01-28,0,1,2,0.0,50.0,38.0,23.0,57.4,Philadelphia Flyers,vs,1.15,1.175,1.2666666666666666,2.6,2.875,3.05,3.175,13.855,79.08500000000001,29.55,33.05,54.97499999999999,61.0,661.0,0.9077155824508321
Atlanta Thrashers,2007-01-30,2,4,4,50.0,33.3,40.0,40.0,61.1,New Jersey Devils,vs,1.15,1.125,1.2666666666666666,2.6,2.8,3.05,3.125,13.14,77.58500000000001,29.7,32.6,54.79,61.0,652.0,0.906441717791411
Atlanta Thrashers,2007-02-01,0,2,5,0.0,75.0,32.0,31.0,43.1,New York Islanders,vs,1.2,1.175,1.2666666666666666,2.7,2.85,3.1,3.125,13.975,76.25,30.2,32.95,54.589999999999996,62.0,659.0,0.9059180576631259
Atlanta Thrashers,2007-02-03,0,2,5,0.0,100.0,38.0,24.0,62.8,Philadelphia Flyers,vs,1.2,1.175,1.25,2.8,2.85,3.05,3.125,13.975,75.0,29.95,32.9,53.94,61.0,658.0,0.9072948328267477
Atlanta Thrashers,2007-02-06,1,3,3,16.7,40.0,30.0,28.0,46.7,Buffalo Sabres,vs,1.1,1.125,1.2166666666666666,2.75,2.8,3.15,3.175,13.975,77.0,30.3,32.4,54.82000000000001,63.0,648.0,0.9027777777777778
Atlanta Thrashers,2007-02-08,2,6,3,25.0,33.3,32.0,48.0,55.0,Colorado Avalanche,@,1.05,1.1,1.2,2.75,2.775,3.15,3.225,13.379999999999999,74.0,30.2,31.85,54.07000000000001,63.0,637.0,0.9010989010989011
Atlanta Thrashers,2007-02-10,0,2,3,25.0,80.0,29.0,33.0,39.6,Vancouver Canucks,@,1.05,1.1,1.2,2.8,2.8,3.2,3.225,14.629999999999999,71.91499999999999,30.45,32.35,53.894999999999996,64.0,647.0,0.9010819165378671
Atlanta Thrashers,2007-02-11,0,1,5,0.0,71.4,30.0,32.0,41.5,Edmonton Oilers,@,0.95,1.05,1.1666666666666667,2.8,2.725,3.3,3.2,15.879999999999999,70.91499999999999,30.45,32.75,52.15,66.0,655.0,0.899236641221374
Atlanta Thrashers,2007-02-13,0,1,4,0.0,50.0,22.0,27.0,52.4,Calgary Flames,@,0.85,1.05,1.1666666666666667,2.65,2.7,3.45,3.2,14.214999999999998,71.15,30.4,32.5,51.489999999999995,69.0,650.0,0.8938461538461538
Atlanta Thrashers,2007-02-17,0,3,5,66.7,100.0,31.0,30.0,57.4,Ottawa Senators,@,0.85,1.05,1.15,2.65,2.65,3.45,3.175,14.214999999999998,69.65,30.0,32.25,51.529999999999994,69.0,645.0,0.8930232558139535
Atlanta Thrashers,2007-02-20,2,3,1,0.0,100.0,23.0,34.0,45.3,Carolina Hurricanes,@,0.75,1.05,1.1333333333333333,2.65,2.65,3.6,3.175,15.885,72.15,30.1,32.0,51.825,72.0,640.0,0.8875
Atlanta Thrashers,2007-02-22,1,4,5,33.3,80.0,28.0,29.0,65.6,Tampa Bay Lightning,vs,0.85,1.1,1.1333333333333333,2.75,2.7,3.4,3.125,14.219999999999999,73.4,30.5,31.95,51.125,68.0,639.0,0.8935837245696401
Atlanta Thrashers,2007-02-24,0,1,4,0.0,100.0,29.0,28.0,66.7,Carolina Hurricanes,vs,0.85,1.075,1.1166666666666667,2.75,2.7,3.4,3.2,15.885,73.4,30.8,31.85,52.14,68.0,637.0,0.8932496075353218
Atlanta Thrashers,2007-02-26,2,3,2,40.0,100.0,20.0,24.0,55.2,Boston Bruins,@,0.8,1.05,1.0833333333333333,2.7,2.675,3.45,3.225,14.885,74.65,31.15,31.4,52.92999999999999,69.0,628.0,0.8901273885350318
Atlanta Thrashers,2007-03-02,2,4,2,0.0,33.3,24.0,23.0,66.7,Ottawa Senators,vs,0.9,1.05,1.1166666666666667,2.75,2.725,3.35,3.275,16.884999999999998,75.65,30.65,30.9,53.815,67.0,618.0,0.8915857605177994
Atlanta Thrashers,2007-03-04,2,3,1,25.0,100.0,25.0,36.0,48.5,Carolina Hurricanes,vs,1.0,1.05,1.1166666666666667,2.9,2.7,3.35,3.225,16.884999999999998,73.97999999999999,30.55,30.35,54.65,67.0,607.0,0.8896210873146623
Atlanta Thrashers,2007-03-06,2,4,2,20.0,83.3,30.0,40.0,57.5,Florida Panthers,vs,1.0,1.05,1.1166666666666667,2.9,2.65,3.25,3.25,17.419999999999998,73.97999999999999,30.5,30.8,54.529999999999994,65.0,616.0,0.8944805194805194
Atlanta Thrashers,2007-03-08,2,6,2,20.0,100.0,29.0,35.0,51.9,Montréal Canadiens,vs,1.0,1.05,1.1166666666666667,2.8,2.675,3.25,3.275,15.084999999999999,73.145,30.55,31.3,53.96,65.0,626.0,0.8961661341853036
Atlanta Thrashers,2007-03-10,0,2,3,0.0,100.0,32.0,39.0,54.7,Florida Panthers,@,1.1,1.05,1.1166666666666667,3.05,2.7,3.15,3.275,16.085,76.47999999999999,29.75,31.4,53.835,63.0,628.0,0.8996815286624203
Atlanta Thrashers,2007-03-12,2,4,2,0.0,75.0,21.0,33.0,55.4,Washington Capitals,vs,1.0,1.05,1.1,3.0,2.75,3.25,3.15,16.085,76.47999999999999,29.75,31.85,54.2,65.0,637.0,0.8979591836734694
Atlanta Thrashers,2007-03-15,0,2,3,0.0,50.0,39.0,36.0,41.3,Philadelphia Flyers,@,1.0,1.075,1.1166666666666667,2.95,2.775,3.15,3.1,16.085,75.22999999999999,29.15,31.85,54.225,63.0,637.0,0.9010989010989011
Atlanta Thrashers,2007-03-16,2,2,1,16.7,100.0,22.0,39.0,48.5,New York Rangers,vs,1.0,1.075,1.0833333333333333,3.0,2.8,3.2,3.125,16.085,75.22999999999999,29.2,32.5,53.419999999999995,64.0,650.0,0.9015384615384615
Atlanta Thrashers,2007-03-18,2,4,3,60.0,100.0,31.0,38.0,53.1,Buffalo Sabres,vs,1.0,1.1,1.1166666666666667,2.9,2.8,3.05,3.075,14.419999999999998,78.565,28.3,32.45,52.79,61.0,649.0,0.9060092449922958
Atlanta Thrashers,2007-03-22,0,1,5,0.0,100.0,19.0,32.0,56.0,San Jose Sharks,vs,1.1,1.15,1.15,3.0,2.9,2.95,3.0,17.419999999999998,79.815,28.25,32.8,53.29,59.0,656.0,0.9100609756097561
Atlanta Thrashers,2007-03-24,0,1,2,0.0,100.0,26.0,28.0,54.1,Pittsburgh Penguins,@,1.1,1.1,1.1166666666666667,2.95,2.85,2.95,3.05,17.419999999999998,79.815,27.3,33.2,52.95,59.0,664.0,0.911144578313253
Atlanta Thrashers,2007-03-28,1,2,2,12.5,66.7,35.0,35.0,50.0,Florida Panthers,@,1.05,1.05,1.0833333333333333,2.85,2.8,2.9,3.025,16.585,82.815,27.1,33.2,53.31999999999999,58.0,664.0,0.9126506024096386
Atlanta Thrashers,2007-03-29,2,3,2,50.0,100.0,27.0,29.0,52.1,Toronto Maple Leafs,vs,1.0,1.025,1.0666666666666667,2.65,2.725,2.85,3.025,15.959999999999999,84.485,27.25,32.55,53.06999999999999,57.0,651.0,0.9124423963133641
Atlanta Thrashers,2007-03-31,2,3,2,0.0,66.7,40.0,27.0,58.9,Boston Bruins,@,1.1,1.025,1.0666666666666667,2.7,2.75,2.8,3.05,17.21,85.485,27.15,32.35,53.69500000000001,56.0,647.0,0.9134466769706336
Atlanta Thrashers,2007-04-04,0,2,3,0.0,66.7,32.0,26.0,54.4,Washington Capitals,vs,1.2,1.025,1.1,2.8,2.725,2.65,3.05,17.21,85.25,27.65,32.1,54.565,53.0,642.0,0.9174454828660437
Atlanta Thrashers,2007-04-06,2,4,1,0.0,85.7,28.0,33.0,48.4,Carolina Hurricanes,@,1.2,1.025,1.1,2.85,2.75,2.6,3.025,17.21,86.08500000000001,28.15,32.05,54.665,52.0,641.0,0.9188767550702028
Atlanta Thrashers,2007-04-07,2,2,2,25.0,100.0,43.0,36.0,62.2,Tampa Bay Lightning,vs,1.3,1.025,1.1333333333333333,2.9,2.775,2.4,3.0,13.875,85.37,28.0,32.2,54.21500000000001,48.0,644.0,0.9254658385093167
Atlanta Thrashers,2007-10-05,0,1,3,0.0,85.7,29.0,40.0,47.4,Washington Capitals,vs,1.3,1.075,1.1666666666666667,2.85,2.8,2.45,2.925,15.125,85.37,29.0,32.3,55.05999999999999,49.0,646.0,0.9241486068111455
Atlanta Thrashers,2007-10-06,0,2,5,25.0,66.7,15.0,34.0,38.3,Tampa Bay Lightning,@,1.25,1.05,1.1333333333333333,2.7,2.725,2.35,2.875,13.459999999999999,85.655,29.05,32.85,54.15,47.0,657.0,0.928462709284627
Atlanta Thrashers,2007-10-10,0,1,3,0.0,75.0,29.0,36.0,53.3,Ottawa Senators,vs,1.25,1.025,1.1166666666666667,2.75,2.725,2.4,2.925,14.709999999999999,83.99,28.35,33.15,52.73,48.0,663.0,0.9276018099547512
Atlanta Thrashers,2007-10-11,0,0,6,0.0,62.5,20.0,28.0,39.1,Buffalo Sabres,@,1.15,1.025,1.0833333333333333,2.65,2.7,2.45,2.9,12.709999999999999,82.74,28.8,33.75,52.635000000000005,49.0,675.0,0.9274074074074075
Atlanta Thrashers,2007-10-13,0,5,6,50.0,57.1,17.0,35.0,59.0,New Jersey Devils,vs,1.05,1.025,1.05,2.45,2.675,2.65,3.0,12.709999999999999,84.2,28.6,34.0,51.254999999999995,53.0,680.0,0.9220588235294118
Atlanta Thrashers,2007-10-16,0,0,4,0.0,100.0,31.0,33.0,55.3,Philadelphia Flyers,@,0.95,0.975,1.0166666666666666,2.55,2.725,2.9,3.075,13.959999999999999,82.055,28.2,33.95,51.779999999999994,58.0,679.0,0.914580265095729
Atlanta Thrashers,2007-10-18,2,5,3,28.6,62.5,28.0,36.0,40.0,New York Rangers,vs,0.85,0.925,0.9833333333333333,2.35,2.575,3.0,3.125,12.959999999999999,82.89000000000001,28.25,33.6,51.67,60.0,672.0,0.9107142857142857
Atlanta Thrashers,2007-10-20,0,2,6,0.0,60.0,20.0,30.0,51.9,Tampa Bay Lightning,@,0.85,0.975,0.9833333333333333,2.3,2.675,3.05,3.1,13.39,81.01500000000001,28.2,33.65,51.075,61.0,673.0,0.9093610698365527
Atlanta Thrashers,2007-10-23,2,4,4,0.0,66.7,36.0,36.0,57.1,Toronto Maple Leafs,@,0.85,0.925,0.9833333333333333,2.3,2.65,3.2,3.225,13.39,79.01500000000001,27.6,33.2,50.934999999999995,64.0,664.0,0.9036144578313253
Atlanta Thrashers,2007-10-25,0,0,3,0.0,100.0,20.0,34.0,41.0,Nashville Predators,@,0.85,0.925,1.0,2.3,2.625,3.3,3.225,13.39,78.6,28.35,33.35,51.019999999999996,66.0,667.0,0.9010494752623688
Atlanta Thrashers,2007-10-27,2,3,2,40.0,75.0,22.0,31.0,39.3,Chicago Blackhawks,@,0.85,0.925,1.0,2.2,2.6,3.3,3.25,13.39,81.1,27.4,33.25,51.005,66.0,665.0,0.9007518796992481
Atlanta Thrashers,2007-10-30,2,2,2,0.0,71.4,33.0,33.0,57.4,Montréal Canadiens,@,0.85,0.925,1.0166666666666666,2.25,2.575,3.35,3.2,14.555000000000001,79.85,27.4,32.85,50.545,67.0,657.0,0.898021308980213
Atlanta Thrashers,2007-11-01,0,4,6,33.3,100.0,19.0,28.0,55.6,Ottawa Senators,@,0.85,0.975,1.05,2.15,2.575,3.3,3.125,11.555000000000001,78.42,27.5,32.6,50.760000000000005,66.0,652.0,0.8987730061349694
Atlanta Thrashers,2007-11-03,2,6,4,33.3,50.0,22.0,34.0,49.2,Tampa Bay Lightning,@,0.85,0.975,1.0166666666666666,2.3,2.625,3.35,3.15,13.220000000000002,78.42,27.5,32.4,50.739999999999995,67.0,648.0,0.8966049382716049
Atlanta Thrashers,2007-11-06,2,2,1,0.0,75.0,31.0,32.0,57.1,Washington Capitals,vs,0.95,1.0,1.0166666666666666,2.55,2.7,3.45,3.175,14.885,75.92,27.3,32.7,50.495,69.0,654.0,0.8944954128440367
Atlanta Thrashers,2007-11-09,2,4,1,40.0,100.0,27.0,37.0,55.0,Florida Panthers,@,1.0,1.0,1.0166666666666666,2.55,2.6,3.4,3.125,14.26,76.33500000000001,27.1,32.55,50.85,68.0,651.0,0.8955453149001537
Atlanta Thrashers,2007-11-10,0,3,5,0.0,60.0,35.0,39.0,67.7,Carolina Hurricanes,vs,1.0,1.05,1.0166666666666666,2.6,2.65,3.35,3.075,13.76,76.33500000000001,27.1,32.95,50.995,67.0,659.0,0.8983308042488619
Atlanta Thrashers,2007-11-13,2,3,2,20.0,100.0,33.0,21.0,52.8,Florida Panthers,vs,0.9,1.05,0.9833333333333333,2.6,2.7,3.5,3.075,13.76,76.0,26.85,33.55,51.435,70.0,671.0,0.8956780923994039
Atlanta Thrashers,2007-11-16,2,3,0,0.0,100.0,25.0,31.0,30.9,Carolina Hurricanes,@,1.0,1.1,1.0166666666666666,2.65,2.75,3.45,3.025,14.76,77.66499999999999,26.9,33.3,51.355,69.0,666.0,0.8963963963963963
Atlanta Thrashers,2007-11-19,2,4,3,33.3,100.0,24.0,20.0,50.8,Tampa Bay Lightning,vs,1.0,1.15,1.0166666666666666,2.6,2.75,3.4,2.9,14.76,78.38,26.75,33.2,50.480000000000004,68.0,664.0,0.8975903614457831
Atlanta Thrashers,2007-11-21,2,5,1,50.0,85.7,25.0,32.0,44.4,Washington Capitals,@,1.0,1.15,1.05,2.7,2.775,3.45,2.95,15.175,78.38,25.8,32.4,49.91,69.0,648.0,0.8935185185185185
Atlanta Thrashers,2007-11-23,0,0,3,0.0,66.7,22.0,27.0,52.5,New Jersey Devils,vs,1.1,1.175,1.0666666666666667,2.9,2.8,3.35,2.85,17.675,78.38000000000001,25.6,32.0,49.760000000000005,67.0,640.0,0.8953125
Atlanta Thrashers,2007-11-24,0,0,5,0.0,33.3,28.0,34.0,40.4,Pittsburgh Penguins,@,1.1,1.175,1.05,2.8,2.775,3.25,2.825,16.425,78.38000000000001,25.95,31.65,50.470000000000006,65.0,633.0,0.8973143759873617
Atlanta Thrashers,2007-11-29,0,2,4,33.3,100.0,20.0,25.0,50.8,Toronto Maple Leafs,vs,1.1,1.125,1.05,2.75,2.7,3.35,2.9,16.425,76.295,25.9,31.55,49.825,67.0,631.0,0.8938193343898574
Atlanta Thrashers,2007-12-01,2,4,0,0.0,100.0,30.0,33.0,46.0,New York Islanders,@,1.1,1.075,1.05,2.85,2.65,3.25,2.95,18.09,78.17,25.9,31.4,50.41,65.0,628.0,0.8964968152866242
Atlanta Thrashers,2007-12-02,1,2,2,50.0,100.0,25.0,36.0,51.1,New Jersey Devils,@,1.2,1.075,1.05,2.8,2.675,2.95,2.925,15.59,80.315,26.55,31.3,49.76,59.0,626.0,0.9057507987220448
Atlanta Thrashers,2007-12-05,2,3,3,0.0,85.7,24.0,33.0,54.8,New York Islanders,vs,1.25,1.05,1.0333333333333334,2.9,2.625,2.85,2.925,18.09,80.31500000000001,26.25,31.45,49.55,57.0,629.0,0.9093799682034976
Atlanta Thrashers,2007-12-07,2,4,2,0.0,100.0,22.0,32.0,46.0,New York Rangers,vs,1.25,1.05,1.0666666666666667,2.8,2.55,2.85,2.95,16.66,81.47500000000001,26.05,31.3,50.29,57.0,626.0,0.9089456869009584
Atlanta Thrashers,2007-12-08,0,3,6,25.0,100.0,26.0,27.0,46.7,Washington Capitals,@,1.35,1.1,1.0666666666666667,2.9,2.6,2.65,2.925,16.66,83.475,26.15,31.4,49.995,53.0,628.0,0.9156050955414012
Atlanta Thrashers,2007-12-12,0,3,5,50.0,100.0,26.0,33.0,63.6,Boston Bruins,vs,1.25,1.05,1.0333333333333334,2.85,2.575,2.75,3.025,17.91,85.14000000000001,25.65,30.95,49.475,55.0,619.0,0.9111470113085622
Atlanta Thrashers,2007-12-14,0,0,4,0.0,100.0,24.0,35.0,55.6,Toronto Maple Leafs,vs,1.25,1.05,1.0333333333333334,3.0,2.6,2.85,3.075,20.41,85.14000000000001,25.95,30.9,50.605000000000004,57.0,618.0,0.9077669902912622
Atlanta Thrashers,2007-12-15,0,3,7,16.7,80.0,25.0,44.0,54.7,Ottawa Senators,@,1.15,1.0,1.0,2.85,2.55,2.95,3.15,18.41,86.39000000000001,26.05,31.1,51.42,59.0,622.0,0.905144694533762
Atlanta Thrashers,2007-12-18,2,6,2,0.0,75.0,24.0,34.0,45.3,Tampa Bay Lightning,vs,1.05,0.95,1.0,2.9,2.525,3.2,3.25,19.244999999999997,86.82000000000001,25.65,31.65,51.285000000000004,64.0,633.0,0.8988941548183255
Atlanta Thrashers,2007-12-20,2,3,2,16.7,100.0,45.0,30.0,59.3,Ottawa Senators,vs,1.15,1.0,1.0333333333333334,3.0,2.65,3.0,3.175,17.58,85.57000000000001,25.9,31.95,50.77,60.0,639.0,0.9061032863849765
Atlanta Thrashers,2007-12-22,2,2,2,25.0,100.0,28.0,39.0,48.1,Montréal Canadiens,vs,1.15,1.05,1.05,2.85,2.7,2.9,3.175,16.75,88.07000000000001,27.05,31.75,51.275,58.0,635.0,0.9086614173228347
Atlanta Thrashers,2007-12-23,2,3,2,50.0,66.7,25.0,20.0,42.6,St. Louis Blues,@,1.15,1.075,1.05,2.85,2.7,2.95,3.175,18.0,89.32000000000001,26.9,32.1,50.825,59.0,642.0,0.9080996884735203
Atlanta Thrashers,2007-12-26,0,0,2,0.0,75.0,21.0,28.0,50.9,Columbus Blue Jackets,@,1.15,1.075,1.0833333333333333,2.8,2.7,3.0,3.175,18.5,87.655,26.8,31.25,50.205,60.0,625.0,0.904
Atlanta Thrashers,2007-12-27,0,3,5,33.3,100.0,41.0,29.0,60.7,Florida Panthers,vs,1.15,1.025,1.0833333333333333,2.65,2.625,2.85,3.175,18.5,88.405,26.1,30.7,49.365,57.0,614.0,0.9071661237785016
Atlanta Thrashers,2007-12-29,2,5,0,25.0,100.0,29.0,26.0,55.7,Boston Bruins,vs,1.05,1.025,1.0833333333333333,2.65,2.65,3.0,3.225,19.165,88.405,26.5,31.1,49.76,60.0,622.0,0.9035369774919614
Atlanta Thrashers,2007-12-31,0,2,5,20.0,25.0,30.0,37.0,51.7,Boston Bruins,@,1.05,1.025,1.1166666666666667,2.75,2.675,3.0,3.2,20.415,88.405,26.7,30.85,51.0,60.0,617.0,0.9027552674230146
Atlanta Thrashers,2008-01-02,2,5,4,100.0,71.4,14.0,36.0,35.9,Carolina Hurricanes,@,0.95,0.975,1.0833333333333333,2.65,2.675,3.1,3.275,19.75,84.655,27.0,31.7,51.045,62.0,634.0,0.9022082018927445
Atlanta Thrashers,2008-01-04,0,3,4,0.0,75.0,26.0,33.0,66.7,Carolina Hurricanes,vs,0.95,1.025,1.1,2.65,2.775,3.25,3.3,22.25,83.94,26.45,31.9,50.62,65.0,638.0,0.8981191222570533
Atlanta Thrashers,2008-01-06,2,5,2,0.0,100.0,30.0,39.0,63.5,Buffalo Sabres,vs,0.95,1.025,1.1,2.8,2.8,3.3,3.275,22.25,84.35499999999999,26.65,32.2,51.33,66.0,644.0,0.8975155279503105
Atlanta Thrashers,2008-01-08,0,1,4,0.0,50.0,28.0,29.0,57.9,Philadelphia Flyers,vs,1.05,1.075,1.1,3.05,2.9,3.15,3.25,22.25,87.69,26.75,32.45,52.485,63.0,649.0,0.9029275808936826
Atlanta Thrashers,2008-01-10,1,2,2,0.0,100.0,28.0,40.0,58.1,Florida Panthers,vs,1.05,1.075,1.0666666666666667,3.0,2.925,3.15,3.2,20.585,85.19,27.15,32.65,52.839999999999996,63.0,653.0,0.9035222052067381
Atlanta Thrashers,2008-01-12,2,2,2,66.7,100.0,38.0,31.0,59.7,Pittsburgh Penguins,vs,1.0,1.1,1.05,2.9,2.85,3.25,3.1,20.585,85.19,27.05,33.0,53.44500000000001,65.0,660.0,0.9015151515151515
Atlanta Thrashers,2008-01-15,2,5,1,75.0,100.0,25.0,47.0,45.5,Detroit Red Wings,@,1.05,1.15,1.05,2.9,2.9,3.25,3.05,21.419999999999998,85.19,27.7,32.75,53.875,65.0,655.0,0.9007633587786259
Atlanta Thrashers,2008-01-17,1,2,2,33.3,100.0,24.0,29.0,57.4,Montréal Canadiens,vs,1.05,1.15,1.05,3.0,2.9,3.15,3.0,25.169999999999998,85.905,27.75,33.45,53.410000000000004,63.0,669.0,0.905829596412556
Atlanta Thrashers,2008-01-18,0,1,10,0.0,66.7,24.0,49.0,33.9,Buffalo Sabres,@,1.0,1.175,1.0666666666666667,2.9,2.9,3.15,2.9,26.835,85.905,27.85,33.3,53.980000000000004,63.0,666.0,0.9054054054054054
Atlanta Thrashers,2008-01-20,0,2,4,0.0,75.0,31.0,24.0,50.0,Edmonton Oilers,vs,1.0,1.125,1.0333333333333334,2.8,2.825,3.35,3.05,25.585,84.24,27.75,34.4,53.339999999999996,67.0,688.0,0.9026162790697675
Atlanta Thrashers,2008-01-22,0,0,4,0.0,100.0,14.0,39.0,54.0,New York Rangers,@,1.0,1.125,1.0333333333333334,2.75,2.875,3.3,3.075,23.085,82.99,28.0,33.95,52.660000000000004,66.0,679.0,0.9027982326951399
Atlanta Thrashers,2008-01-24,1,1,1,100.0,100.0,18.0,33.0,39.2,New York Rangers,@,1.0,1.075,1.0,2.75,2.8,3.3,3.125,23.085,82.99,27.5,34.15,52.58,66.0,683.0,0.9033674963396779
Atlanta Thrashers,2008-01-30,2,4,1,16.7,100.0,27.0,30.0,54.9,Pittsburgh Penguins,vs,1.05,1.05,0.9833333333333333,2.65,2.775,3.0,3.1,27.25,83.99,27.15,33.6,51.80500000000001,60.0,672.0,0.9107142857142857
Atlanta Thrashers,2008-02-01,2,4,4,16.7,60.0,29.0,33.0,66.2,Buffalo Sabres,vs,1.05,1.1,1.0166666666666666,2.55,2.775,2.95,2.975,28.085,85.24,27.3,33.4,52.285000000000004,59.0,668.0,0.9116766467065869
Atlanta Thrashers,2008-02-02,2,2,0,0.0,100.0,13.0,36.0,48.4,Washington Capitals,@,1.05,1.1,1.05,2.6,2.725,3.05,2.975,28.084999999999997,83.24,26.5,33.55,52.629999999999995,61.0,671.0,0.9090909090909091
Atlanta Thrashers,2008-02-05,0,2,3,0.0,71.4,25.0,36.0,65.6,Philadelphia Flyers,vs,1.05,1.1,1.0666666666666667,2.6,2.725,2.95,2.95,26.834999999999997,83.24,25.75,33.4,52.645,59.0,668.0,0.9116766467065869
Atlanta Thrashers,2008-02-07,0,1,2,0.0,75.0,28.0,28.0,51.0,Vancouver Canucks,vs,0.95,1.05,1.0333333333333334,2.55,2.675,3.0,3.0,24.335,83.475,25.75,34.2,53.795,60.0,684.0,0.9122807017543859
Atlanta Thrashers,2008-02-09,2,2,1,0.0,100.0,22.0,28.0,60.0,Tampa Bay Lightning,vs,0.95,1.05,1.0,2.6,2.625,3.0,2.925,24.335,83.475,26.1,34.2,53.8,60.0,684.0,0.9122807017543859
Atlanta Thrashers,2008-02-13,2,2,2,0.0,100.0,28.0,41.0,65.0,Washington Capitals,vs,1.05,1.05,1.0333333333333334,2.55,2.6,2.8,2.9,22.669999999999998,83.475,25.15,34.15,53.76500000000001,56.0,683.0,0.91800878477306
Atlanta Thrashers,2008-02-15,2,3,3,25.0,66.7,32.0,33.0,46.8,New Jersey Devils,@,1.05,1.05,1.0333333333333334,2.4,2.575,2.9,2.95,21.419999999999998,83.475,25.1,34.9,54.23,58.0,698.0,0.9169054441260746
Atlanta Thrashers,2008-02-16,0,1,4,16.7,83.3,10.0,49.0,50.0,New York Islanders,@,1.15,1.05,1.0333333333333334,2.45,2.55,2.8,2.95,21.669999999999998,85.56,25.2,34.7,53.985,56.0,694.0,0.9193083573487032
Atlanta Thrashers,2008-02-21,0,3,5,50.0,100.0,28.0,46.0,47.4,Carolina Hurricanes,@,1.05,1.0,1.0333333333333334,2.25,2.45,2.8,3.025,17.505000000000003,86.155,25.0,35.35,54.69000000000001,56.0,707.0,0.9207920792079208
Atlanta Thrashers,2008-02-23,0,1,3,16.7,80.0,25.0,25.0,60.0,Toronto Maple Leafs,@,1.05,1.0,1.0333333333333334,2.25,2.525,2.85,3.075,20.005000000000003,87.405,25.1,36.0,53.725,57.0,720.0,0.9208333333333333
Atlanta Thrashers,2008-02-26,0,1,5,25.0,50.0,27.0,33.0,50.0,Montréal Canadiens,@,0.95,1.0,1.0333333333333334,2.05,2.55,2.9,3.025,20.84,86.405,24.85,35.3,53.55,58.0,706.0,0.9178470254957507
Atlanta Thrashers,2008-02-28,1,4,5,0.0,100.0,23.0,37.0,53.7,New York Islanders,vs,0.95,1.0,1.0333333333333334,2.05,2.525,2.95,3.05,22.09,86.405,24.8,35.5,53.154999999999994,59.0,710.0,0.9169014084507042
Atlanta Thrashers,2008-03-01,1,2,2,0.0,100.0,28.0,35.0,47.0,Boston Bruins,@,0.95,0.975,1.05,2.15,2.525,3.1,3.175,22.09,86.405,24.55,35.35,52.935,62.0,707.0,0.9123055162659123
Atlanta Thrashers,2008-03-02,1,2,2,20.0,100.0,33.0,34.0,59.4,Pittsburgh Penguins,@,0.9,0.975,1.0666666666666667,2.15,2.525,3.1,3.175,18.755000000000003,86.405,24.05,35.55,52.3,62.0,711.0,0.9127988748241913
Atlanta Thrashers,2008-03-05,0,3,6,0.0,85.7,24.0,37.0,56.3,Carolina Hurricanes,vs,0.85,0.95,1.05,2.0,2.5,3.15,3.15,16.005000000000003,86.405,24.45,34.9,52.995000000000005,63.0,698.0,0.9097421203438395
Atlanta Thrashers,2008-03-07,2,2,2,25.0,66.7,26.0,39.0,52.5,Minnesota Wild,vs,0.8,0.9,1.05,2.05,2.475,3.35,3.25,14.34,85.69,24.45,35.3,52.94,67.0,706.0,0.9050991501416431
Atlanta Thrashers,2008-03-08,1,2,3,28.6,25.0,27.0,43.0,55.1,Florida Panthers,@,0.9,0.95,1.05,2.1,2.45,2.95,3.15,15.59,85.69,24.55,34.8,53.86999999999999,59.0,696.0,0.9152298850574713
Atlanta Thrashers,2008-03-11,0,2,5,0.0,75.0,24.0,29.0,61.2,Colorado Avalanche,vs,0.95,0.975,1.0666666666666667,2.1,2.425,2.9,3.1,17.02,83.19,24.35,35.75,54.125,58.0,715.0,0.9188811188811189
Atlanta Thrashers,2008-03-13,2,6,4,66.7,100.0,32.0,32.0,46.9,Calgary Flames,vs,0.95,0.975,1.0333333333333334,2.2,2.475,2.95,3.125,17.02,81.94,24.85,35.25,54.485,59.0,705.0,0.9163120567375886
Atlanta Thrashers,2008-03-14,0,1,4,0.0,66.7,12.0,37.0,49.2,Washington Capitals,@,1.0,1.025,1.0333333333333334,2.45,2.55,3.1,3.05,15.355,81.94,25.55,35.2,54.86999999999999,62.0,704.0,0.9119318181818182
Atlanta Thrashers,2008-03-16,0,1,3,0.0,60.0,30.0,25.0,51.8,Florida Panthers,@,0.9,0.975,1.0333333333333334,2.3,2.425,3.25,3.1,14.52,80.275,24.8,35.55,54.585,65.0,711.0,0.9085794655414908
Atlanta Thrashers,2008-03-18,0,2,3,0.0,75.0,19.0,47.0,48.3,Philadelphia Flyers,@,0.8,0.925,1.0,2.15,2.375,3.2,3.125,13.685000000000002,80.275,24.85,35.15,53.864999999999995,64.0,703.0,0.9089615931721194
Atlanta Thrashers,2008-03-19,0,3,5,0.0,66.7,34.0,33.0,62.3,Carolina Hurricanes,vs,0.7,0.875,0.9666666666666667,2.15,2.375,3.35,3.15,13.685000000000002,79.025,25.15,35.7,53.85999999999999,67.0,714.0,0.9061624649859944
Atlanta Thrashers,2008-03-21,0,3,5,50.0,100.0,18.0,45.0,50.0,Washington Capitals,vs,0.7,0.825,0.9333333333333333,2.2,2.375,3.45,3.225,13.685000000000002,78.79,25.6,35.55,53.69500000000001,69.0,711.0,0.9029535864978903
Atlanta Thrashers,2008-03-27,2,3,2,0.0,100.0,28.0,45.0,50.0,Florida Panthers,@,0.7,0.825,0.9333333333333333,2.3,2.45,3.6,3.3,16.185000000000002,80.04,25.1,36.4,53.645,72.0,728.0,0.9010989010989011
Atlanta Thrashers,2008-03-28,0,1,7,0.0,54.6,26.0,35.0,46.5,Carolina Hurricanes,@,0.7,0.875,0.9333333333333333,2.35,2.45,3.65,3.225,16.185000000000002,80.04,25.4,37.25,53.145,73.0,745.0,0.9020134228187919
Atlanta Thrashers,2008-03-31,2,2,0,0.0,100.0,24.0,36.0,44.8,Tampa Bay Lightning,@,0.6,0.825,0.9,2.3,2.35,3.9,3.4,16.185000000000002,77.77000000000001,25.3,36.95,52.220000000000006,78.0,739.0,0.8944519621109608
Atlanta Thrashers,2008-04-01,0,2,3,0.0,80.0,33.0,33.0,43.1,Florida Panthers,vs,0.6,0.875,0.9,2.25,2.35,3.75,3.275,14.935000000000002,79.435,24.9,37.1,52.120000000000005,75.0,742.0,0.898921832884097
Atlanta Thrashers,2008-04-05,2,4,1,0.0,50.0,24.0,31.0,53.3,Tampa Bay Lightning,vs,0.6,0.825,0.8666666666666667,2.3,2.275,3.7,3.25,14.1,79.27000000000001,26.05,36.3,51.775,74.0,726.0,0.8980716253443526
Atlanta Thrashers,2008-10-10,2,7,4,33.3,71.4,31.0,43.0,60.3,Washington Capitals,vs,0.7,0.875,0.9,2.35,2.3,3.5,3.175,11.6,76.77000000000001,25.85,35.55,52.06999999999999,70.0,711.0,0.9015471167369902
Atlanta Thrashers,2008-10-11,1,2,3,0.0,100.0,33.0,39.0,48.5,Florida Panthers,@,0.8,0.875,0.9333333333333333,2.65,2.35,3.55,3.225,12.430000000000001,76.34,26.15,36.45,52.085,71.0,729.0,0.9026063100137174
Atlanta Thrashers,2008-10-14,0,2,4,0.0,80.0,26.0,26.0,42.4,Minnesota Wild,vs,0.85,0.9,0.95,2.7,2.375,3.45,3.2,11.180000000000001,78.84,26.45,36.75,52.010000000000005,69.0,735.0,0.9061224489795918
Atlanta Thrashers,2008-10-16,0,0,1,0.0,66.7,25.0,35.0,55.3,New Jersey Devils,vs,0.8,0.875,0.9166666666666666,2.6,2.375,3.4,3.25,11.180000000000001,77.84,26.6,36.2,51.44500000000001,68.0,724.0,0.9060773480662984
Atlanta Thrashers,2008-10-18,2,2,2,0.0,83.3,37.0,30.0,59.7,Buffalo Sabres,vs,0.75,0.825,0.9,2.5,2.325,3.35,3.225,11.180000000000001,76.17500000000001,26.45,36.2,51.86,67.0,724.0,0.9074585635359116
Atlanta Thrashers,2008-10-21,1,2,3,0.0,80.0,33.0,38.0,46.7,Tampa Bay Lightning,@,0.8,0.825,0.9,2.5,2.25,3.35,3.25,10.180000000000001,75.34,26.65,36.0,51.875,67.0,720.0,0.9069444444444444
Atlanta Thrashers,2008-10-24,0,3,5,14.3,75.0,33.0,46.0,37.7,Detroit Red Wings,@,0.85,0.825,0.8833333333333333,2.45,2.25,3.2,3.275,10.180000000000001,75.055,27.1,36.05,51.394999999999996,64.0,721.0,0.9112343966712899
Atlanta Thrashers,2008-10-25,0,4,5,75.0,60.0,32.0,33.0,42.6,Boston Bruins,@,0.75,0.825,0.8833333333333333,2.5,2.3,3.35,3.15,9.645,75.47,27.45,36.4,50.654999999999994,67.0,728.0,0.907967032967033
Atlanta Thrashers,2008-10-28,0,0,7,0.0,40.0,24.0,31.0,51.8,Philadelphia Flyers,vs,0.7,0.825,0.8833333333333333,2.6,2.35,3.45,3.175,11.965,77.22,27.7,35.9,50.029999999999994,69.0,718.0,0.903899721448468
Atlanta Thrashers,2008-10-30,0,2,3,25.0,83.3,29.0,33.0,53.6,New York Rangers,@,0.7,0.825,0.8833333333333333,2.5,2.35,3.55,3.25,11.965,75.47,27.7,36.0,49.56,71.0,720.0,0.9013888888888889
Atlanta Thrashers,2008-11-01,0,1,6,0.0,80.0,20.0,32.0,57.6,New Jersey Devils,@,0.6,0.8,0.8833333333333333,2.3,2.375,3.5,3.3,9.879999999999999,74.635,27.55,36.05,49.895,70.0,721.0,0.9029126213592233
Atlanta Thrashers,2008-11-02,2,5,3,25.0,66.7,31.0,21.0,48.3,Florida Panthers,vs,0.6,0.75,0.85,2.3,2.3,3.6,3.425,9.879999999999999,75.3,27.95,35.8,50.315,72.0,716.0,0.8994413407821229
Atlanta Thrashers,2008-11-06,2,4,3,25.0,80.0,27.0,27.0,63.6,New York Islanders,vs,0.7,0.75,0.85,2.5,2.325,3.6,3.4,11.129999999999999,75.635,28.0,35.6,50.14,72.0,712.0,0.898876404494382
Atlanta Thrashers,2008-11-07,2,5,4,66.7,33.3,26.0,32.0,49.2,Buffalo Sabres,@,0.8,0.75,0.85,2.6,2.375,3.6,3.475,12.379999999999999,75.885,28.4,34.6,50.904999999999994,72.0,692.0,0.8959537572254336
Atlanta Thrashers,2008-11-09,2,5,2,33.3,100.0,22.0,37.0,35.9,Carolina Hurricanes,@,0.9,0.8,0.85,2.7,2.45,3.55,3.5,15.715,74.215,28.0,34.55,50.25,71.0,691.0,0.8972503617945007
Atlanta Thrashers,2008-11-14,2,3,2,14.3,66.7,25.0,29.0,49.3,Carolina Hurricanes,vs,1.0,0.85,0.8833333333333333,2.8,2.55,3.4,3.5,14.88,74.215,28.2,34.15,49.545,68.0,683.0,0.9004392386530015
Atlanta Thrashers,2008-11-16,0,3,4,0.0,66.7,32.0,32.0,46.8,Philadelphia Flyers,@,1.0,0.85,0.9166666666666666,2.8,2.575,3.4,3.525,15.594999999999999,72.55,28.05,33.35,49.510000000000005,68.0,667.0,0.8980509745127436
Atlanta Thrashers,2008-11-20,0,2,3,25.0,75.0,23.0,31.0,52.6,Pittsburgh Penguins,vs,1.0,0.8,0.8833333333333333,2.9,2.6,3.25,3.575,15.594999999999999,73.155,28.35,33.2,49.525,65.0,664.0,0.9021084337349398
Atlanta Thrashers,2008-11-22,0,0,2,0.0,100.0,15.0,31.0,58.1,Columbus Blue Jackets,vs,0.9,0.75,0.8833333333333333,2.9,2.575,3.4,3.575,16.845,71.905,28.3,32.95,49.915000000000006,68.0,659.0,0.8968133535660091
Atlanta Thrashers,2008-11-25,2,6,3,25.0,80.0,30.0,35.0,47.6,Toronto Maple Leafs,@,0.9,0.75,0.85,2.8,2.55,3.35,3.525,16.845,72.905,27.4,32.85,50.665000000000006,67.0,657.0,0.898021308980213
Atlanta Thrashers,2008-11-26,0,3,5,66.7,50.0,18.0,33.0,40.4,Washington Capitals,@,0.9,0.8,0.8833333333333333,2.9,2.625,3.45,3.475,18.095,74.405,27.7,33.05,50.379999999999995,69.0,661.0,0.8956127080181543
Atlanta Thrashers,2008-11-28,1,3,4,0.0,100.0,25.0,26.0,41.5,Nashville Predators,vs,0.8,0.8,0.85,2.7,2.675,3.5,3.525,19.764999999999997,73.33500000000001,27.05,32.55,49.385000000000005,70.0,651.0,0.8924731182795699
Atlanta Thrashers,2008-11-30,0,2,4,0.0,50.0,30.0,47.0,41.7,St. Louis Blues,vs,0.8,0.825,0.8666666666666667,2.75,2.725,3.55,3.5,19.764999999999997,73.33500000000001,26.65,31.9,49.035000000000004,71.0,638.0,0.8887147335423198
Atlanta Thrashers,2008-12-02,0,4,5,33.3,66.7,26.0,33.0,48.4,Montréal Canadiens,@,0.8,0.8,0.85,2.75,2.675,3.55,3.475,19.764999999999997,71.83500000000001,26.85,32.95,49.0,71.0,659.0,0.8922610015174507
Atlanta Thrashers,2008-12-03,0,1,5,0.0,33.3,23.0,34.0,50.9,Ottawa Senators,@,0.8,0.775,0.8166666666666667,2.95,2.725,3.75,3.55,21.43,71.835,26.9,32.85,48.654999999999994,75.0,657.0,0.8858447488584474
Atlanta Thrashers,2008-12-06,2,5,1,11.1,80.0,17.0,29.0,47.5,New York Islanders,@,0.7,0.75,0.7833333333333333,2.9,2.7,3.9,3.625,21.43,69.33500000000001,26.2,33.05,48.215,78.0,661.0,0.8819969742813918
Atlanta Thrashers,2008-12-10,1,2,3,0.0,100.0,29.0,33.0,56.9,New York Rangers,vs,0.75,0.8,0.8,3.05,2.75,3.8,3.5,21.985,69.33500000000001,25.4,32.6,48.255,76.0,652.0,0.8834355828220859
Atlanta Thrashers,2008-12-12,0,3,7,50.0,33.3,33.0,25.0,55.2,Boston Bruins,vs,0.8,0.775,0.8166666666666667,3.0,2.75,3.7,3.525,21.27,70.58500000000001,25.2,31.95,49.215,74.0,639.0,0.8841940532081377
Atlanta Thrashers,2008-12-13,0,2,4,0.0,60.0,22.0,29.0,50.9,Boston Bruins,@,0.8,0.75,0.8166666666666667,2.95,2.775,3.8,3.625,20.02,69.25,25.25,31.55,49.845000000000006,76.0,631.0,0.8795562599049128
Atlanta Thrashers,2008-12-16,2,4,1,50.0,100.0,25.0,29.0,47.5,Ottawa Senators,@,0.8,0.75,0.8166666666666667,3.05,2.775,3.65,3.6,20.02,70.25,25.15,31.45,49.8,73.0,629.0,0.8839427662957074
Atlanta Thrashers,2008-12-18,0,3,6,20.0,33.3,31.0,20.0,55.7,Pittsburgh Penguins,vs,0.9,0.75,0.8333333333333334,3.15,2.725,3.55,3.525,21.27,71.08500000000001,24.95,31.25,49.495000000000005,71.0,625.0,0.8864
Atlanta Thrashers,2008-12-20,2,4,3,25.0,66.7,30.0,39.0,51.9,Tampa Bay Lightning,vs,0.9,0.75,0.8,3.25,2.775,3.55,3.575,22.27,68.75,25.5,30.65,49.4,71.0,613.0,0.8841761827079935
Atlanta Thrashers,2008-12-22,0,2,6,0.0,80.0,21.0,38.0,42.9,Toronto Maple Leafs,vs,0.9,0.8,0.8,3.2,2.85,3.55,3.575,22.27,68.75,25.45,31.55,49.58,71.0,631.0,0.8874801901743264
Atlanta Thrashers,2008-12-23,2,4,2,33.3,100.0,27.0,25.0,61.1,New York Islanders,@,0.8,0.8,0.7666666666666667,3.1,2.85,3.7,3.65,21.02,68.75,25.15,32.1,48.545,74.0,642.0,0.8847352024922118
Atlanta Thrashers,2008-12-26,0,4,5,100.0,75.0,31.0,39.0,38.3,Carolina Hurricanes,vs,0.8,0.85,0.8,3.05,2.875,3.6,3.575,19.35,72.08500000000001,25.2,31.75,49.14,72.0,635.0,0.8866141732283465
Atlanta Thrashers,2008-12-28,0,1,2,0.0,100.0,33.0,28.0,69.6,Boston Bruins,vs,0.7,0.85,0.8,3.0,2.9,3.75,3.575,22.685000000000002,70.83500000000001,25.65,31.85,49.260000000000005,75.0,637.0,0.8822605965463108
Atlanta Thrashers,2008-12-30,1,3,4,50.0,66.7,32.0,47.0,47.7,Toronto Maple Leafs,@,0.6,0.8,0.7666666666666667,2.9,2.85,3.75,3.575,21.97,72.5,26.05,31.8,50.275,75.0,636.0,0.8820754716981132
Atlanta Thrashers,2008-12-31,0,1,3,25.0,75.0,21.0,28.0,48.2,Carolina Hurricanes,@,0.65,0.825,0.75,2.9,2.9,3.75,3.5,24.47,72.5,26.05,32.55,50.32,75.0,651.0,0.8847926267281107
Atlanta Thrashers,2009-01-02,2,3,3,20.0,66.7,37.0,38.0,55.1,Vancouver Canucks,vs,0.65,0.775,0.7166666666666667,2.85,2.875,3.75,3.575,24.47,72.5,25.95,32.4,50.1,75.0,648.0,0.8842592592592593
Atlanta Thrashers,2009-01-04,0,1,4,0.0,50.0,28.0,35.0,59.2,Tampa Bay Lightning,vs,0.75,0.825,0.75,3.0,2.9,3.8,3.575,25.47,70.835,27.05,32.75,49.95,76.0,655.0,0.8839694656488549
Atlanta Thrashers,2009-01-06,0,1,3,25.0,66.7,28.0,29.0,46.8,Pittsburgh Penguins,@,0.65,0.775,0.75,2.75,2.825,3.85,3.65,24.22,69.335,26.95,32.75,50.53,77.0,655.0,0.8824427480916031
Atlanta Thrashers,2009-01-08,2,4,0,20.0,100.0,24.0,29.0,56.3,New Jersey Devils,@,0.65,0.725,0.75,2.65,2.675,3.75,3.625,22.134999999999998,70.16999999999999,27.45,32.55,50.85,75.0,651.0,0.8847926267281107
Atlanta Thrashers,2009-01-10,0,4,8,20.0,100.0,32.0,29.0,48.3,Florida Panthers,@,0.7,0.75,0.7833333333333333,2.7,2.725,3.55,3.55,23.134999999999998,70.16999999999999,27.4,32.7,51.589999999999996,71.0,654.0,0.8914373088685015
Atlanta Thrashers,2009-01-14,0,2,3,50.0,60.0,31.0,30.0,63.3,Ottawa Senators,vs,0.7,0.75,0.7666666666666667,2.8,2.775,3.75,3.65,24.134999999999998,72.66999999999999,27.5,31.8,51.92,75.0,636.0,0.8820754716981132
Atlanta Thrashers,2009-01-16,2,4,3,0.0,75.0,38.0,17.0,56.1,Toronto Maple Leafs,vs,0.7,0.75,0.75,2.7,2.825,3.65,3.7,24.97,72.33500000000001,27.75,31.65,52.665,73.0,633.0,0.8846761453396524
Atlanta Thrashers,2009-01-17,2,7,2,0.0,83.3,32.0,33.0,47.6,Nashville Predators,@,0.8,0.75,0.7666666666666667,2.85,2.875,3.55,3.725,24.97,74.41999999999999,28.5,30.8,52.925,71.0,616.0,0.8847402597402597
Atlanta Thrashers,2009-01-20,2,4,2,0.0,50.0,24.0,36.0,41.0,Montréal Canadiens,vs,0.8,0.775,0.8,2.95,3.0,3.6,3.7,24.415,74.585,29.25,31.0,52.92999999999999,72.0,620.0,0.8838709677419355
Atlanta Thrashers,2009-01-21,0,3,5,0.0,100.0,31.0,33.0,52.6,Philadelphia Flyers,@,0.85,0.825,0.8,3.05,3.025,3.55,3.625,24.415,72.085,29.0,31.15,52.135000000000005,71.0,623.0,0.8860353130016051
Atlanta Thrashers,2009-01-27,0,0,2,0.0,100.0,25.0,33.0,47.7,Dallas Stars,@,0.85,0.825,0.7833333333333333,3.05,3.0,3.45,3.625,21.915,75.41999999999999,28.9,31.55,52.004999999999995,69.0,631.0,0.8906497622820919
Atlanta Thrashers,2009-01-29,0,4,5,25.0,100.0,37.0,33.0,50.0,New York Islanders,vs,0.85,0.825,0.7833333333333333,2.95,3.0,3.35,3.5,21.915,77.41999999999999,29.05,31.75,51.84499999999999,67.0,635.0,0.8944881889763779
Atlanta Thrashers,2009-01-31,0,0,2,0.0,100.0,19.0,40.0,51.0,Carolina Hurricanes,@,0.75,0.825,0.75,2.95,3.05,3.55,3.55,20.665,77.41999999999999,29.65,31.95,51.96999999999999,71.0,639.0,0.8888888888888888
Atlanta Thrashers,2009-02-03,2,1,1,0.0,100.0,22.0,40.0,41.5,New York Rangers,@,0.75,0.825,0.75,2.8,3.025,3.35,3.45,19.665,80.755,29.05,32.95,51.735,67.0,659.0,0.8983308042488619
Atlanta Thrashers,2009-02-06,0,1,5,0.0,83.3,32.0,31.0,66.7,New Jersey Devils,vs,0.75,0.825,0.7833333333333333,2.65,2.925,3.25,3.4,18.415,82.41999999999999,28.65,33.0,51.214999999999996,65.0,660.0,0.9015151515151515
Atlanta Thrashers,2009-02-08,0,2,3,33.3,75.0,31.0,23.0,52.0,Philadelphia Flyers,vs,0.75,0.775,0.7833333333333333,2.6,2.85,3.2,3.45,18.415,82.58500000000001,29.2,32.65,52.404999999999994,64.0,653.0,0.9019908116385911
Atlanta Thrashers,2009-02-10,2,3,1,0.0,100.0,24.0,41.0,53.5,Tampa Bay Lightning,@,0.65,0.725,0.7833333333333333,2.5,2.775,3.25,3.425,18.415,81.33500000000001,29.4,32.55,51.95,65.0,651.0,0.9001536098310292
Atlanta Thrashers,2009-02-11,0,1,3,25.0,33.3,37.0,28.0,68.0,Chicago Blackhawks,vs,0.75,0.725,0.8166666666666667,2.45,2.725,3.05,3.4,13.414999999999997,82.58500000000001,29.05,32.65,52.71,61.0,653.0,0.9065849923430321
Atlanta Thrashers,2009-02-15,2,8,4,33.3,100.0,43.0,35.0,50.8,Anaheim Ducks,@,0.75,0.675,0.7833333333333333,2.45,2.675,3.1,3.425,14.664999999999997,79.25,29.25,32.65,52.629999999999995,62.0,653.0,0.9050535987748851
Atlanta Thrashers,2009-02-16,2,6,6,66.7,50.0,27.0,45.0,46.1,Los Angeles Kings,@,0.8,0.725,0.8166666666666667,2.7,2.8,3.1,3.425,13.830000000000002,80.91499999999999,29.8,32.05,52.785000000000004,62.0,641.0,0.9032761310452418
Atlanta Thrashers,2009-02-19,1,3,3,100.0,75.0,22.0,40.0,52.9,Phoenix Coyotes,@,0.9,0.775,0.8166666666666667,2.95,2.9,3.25,3.5,15.915000000000001,79.66499999999999,30.1,32.9,52.67999999999999,65.0,658.0,0.9012158054711246
Atlanta Thrashers,2009-02-21,0,1,3,20.0,33.3,23.0,31.0,39.0,San Jose Sharks,@,0.85,0.8,0.8333333333333334,2.95,2.975,3.25,3.525,19.915,80.08000000000001,29.35,33.0,52.56999999999999,65.0,660.0,0.9015151515151515
Atlanta Thrashers,2009-02-24,2,4,3,0.0,83.3,26.0,33.0,61.2,Colorado Avalanche,vs,0.85,0.75,0.8,2.95,2.85,3.2,3.525,20.915,79.245,29.1,32.8,51.56,64.0,656.0,0.9024390243902439
Atlanta Thrashers,2009-02-26,0,3,4,20.0,62.5,24.0,40.0,40.0,Washington Capitals,@,0.95,0.8,0.8,3.1,2.875,3.2,3.475,19.665,80.075,29.0,33.0,52.279999999999994,64.0,660.0,0.9030303030303031
Atlanta Thrashers,2009-02-28,2,5,3,33.3,75.0,32.0,35.0,48.3,Carolina Hurricanes,vs,0.85,0.775,0.7833333333333333,3.05,2.875,3.4,3.475,19.665,78.2,29.0,33.55,51.464999999999996,68.0,671.0,0.8986587183308494
Atlanta Thrashers,2009-03-03,0,3,4,0.0,100.0,30.0,34.0,65.5,Florida Panthers,vs,0.95,0.825,0.8166666666666667,3.1,2.95,3.15,3.45,20.330000000000002,76.95,29.0,33.85,51.464999999999996,63.0,677.0,0.9069423929098966
Atlanta Thrashers,2009-03-06,2,2,0,12.5,100.0,28.0,25.0,50.9,Montréal Canadiens,vs,0.95,0.825,0.8166666666666667,3.15,2.925,3.2,3.425,17.830000000000002,78.95,28.95,34.05,51.575,64.0,681.0,0.9060205580029369
Atlanta Thrashers,2009-03-08,2,5,2,12.5,100.0,20.0,29.0,55.4,Calgary Flames,vs,0.95,0.875,0.8166666666666667,3.05,2.95,3.05,3.3,18.455000000000002,80.2,28.45,34.45,51.315,61.0,689.0,0.9114658925979681
Atlanta Thrashers,2009-03-10,2,3,0,25.0,100.0,36.0,35.0,57.7,Colorado Avalanche,@,0.95,0.875,0.8333333333333334,2.95,2.95,3.05,3.325,19.080000000000002,81.035,27.85,34.25,51.705000000000005,61.0,685.0,0.910948905109489
Atlanta Thrashers,2009-03-12,2,4,3,25.0,75.0,33.0,32.0,58.1,Edmonton Oilers,@,0.95,0.9,0.8666666666666667,2.9,2.975,2.95,3.25,20.330000000000002,83.535,28.45,34.2,52.54,59.0,684.0,0.9137426900584795
Atlanta Thrashers,2009-03-14,2,3,3,16.7,100.0,32.0,37.0,50.0,Buffalo Sabres,@,1.05,0.95,0.9,2.95,3.0,2.85,3.15,21.580000000000002,82.285,28.55,34.15,52.815,57.0,683.0,0.9165446559297218
Atlanta Thrashers,2009-03-16,2,5,1,75.0,100.0,25.0,50.0,65.0,Washington Capitals,vs,1.15,1.0,0.9333333333333333,3.1,3.025,2.9,3.125,22.415,82.285,28.9,34.35,52.92999999999999,58.0,687.0,0.9155749636098981
Atlanta Thrashers,2009-03-17,0,2,6,0.0,57.1,20.0,31.0,50.0,Pittsburgh Penguins,@,1.25,1.0,0.9666666666666667,3.15,3.05,2.7,3.125,24.915,82.285,28.3,35.2,53.67999999999999,54.0,704.0,0.9232954545454546
Atlanta Thrashers,2009-03-20,0,3,6,33.3,75.0,34.0,38.0,37.1,Detroit Red Wings,vs,1.25,1.0,0.9666666666666667,3.25,3.025,2.9,3.125,24.915,80.14000000000001,28.35,34.75,53.629999999999995,58.0,695.0,0.9165467625899281
Atlanta Thrashers,2009-03-21,2,3,3,33.3,60.0,36.0,29.0,49.2,Tampa Bay Lightning,@,1.15,0.95,0.9333333333333333,3.35,3.0,3.15,3.2,26.580000000000002,78.89000000000001,28.95,34.65,53.410000000000004,63.0,693.0,0.9090909090909091
Atlanta Thrashers,2009-03-24,0,3,6,16.7,50.0,25.0,22.0,64.9,Montréal Canadiens,@,1.25,1.0,0.9333333333333333,3.45,3.025,3.05,3.125,28.244999999999997,77.725,29.15,34.55,52.535000000000004,61.0,691.0,0.9117221418234442
Atlanta Thrashers,2009-03-26,2,4,4,0.0,80.0,30.0,27.0,38.7,New York Rangers,vs,1.25,0.95,0.9,3.5,3.0,3.2,3.225,27.415000000000003,76.475,28.85,34.5,53.17999999999999,64.0,690.0,0.9072463768115943
Atlanta Thrashers,2009-03-28,2,6,3,25.0,66.7,32.0,21.0,52.6,Ottawa Senators,vs,1.25,1.0,0.9,3.55,3.0,3.35,3.2,27.415000000000003,75.475,29.15,33.8,52.44,67.0,676.0,0.900887573964497
Atlanta Thrashers,2009-04-01,2,3,2,0.0,66.7,30.0,32.0,55.6,Buffalo Sabres,vs,1.35,1.05,0.9,3.8,3.125,3.35,3.225,27.415000000000003,77.145,28.9,33.45,51.669999999999995,67.0,669.0,0.8998505231689088
Atlanta Thrashers,2009-04-03,2,3,1,0.0,100.0,32.0,36.0,54.3,Florida Panthers,@,1.35,1.075,0.9333333333333333,3.55,3.125,3.25,3.175,25.75,75.47999999999999,28.25,33.3,51.910000000000004,65.0,666.0,0.9024024024024024
Atlanta Thrashers,2009-04-05,0,4,6,0.0,85.7,24.0,33.0,36.1,Washington Capitals,@,1.35,1.125,0.9666666666666667,3.4,3.175,3.0,3.125,22.415,77.97999999999999,28.5,32.85,52.32000000000001,60.0,657.0,0.908675799086758
Atlanta Thrashers,2009-04-07,0,2,4,0.0,100.0,31.0,26.0,56.6,Washington Capitals,vs,1.3,1.075,0.9666666666666667,3.45,3.2,3.15,3.2,17.415,78.515,28.6,32.5,51.48,63.0,650.0,0.9030769230769231
Atlanta Thrashers,2009-04-09,0,2,3,20.0,87.5,25.0,31.0,55.8,Florida Panthers,vs,1.3,1.075,0.9333333333333333,3.5,3.225,3.2,3.2,16.415,81.85,29.0,32.25,52.36,64.0,645.0,0.9007751937984496
Atlanta Thrashers,2009-04-11,2,6,2,28.6,80.0,26.0,35.0,55.0,Tampa Bay Lightning,vs,1.2,1.075,0.9333333333333333,3.4,3.25,3.2,3.2,17.415,82.06,28.95,32.15,52.089999999999996,64.0,643.0,0.9004665629860031
Atlanta Thrashers,2009-10-03,2,6,3,33.3,66.7,28.0,39.0,56.1,Tampa Bay Lightning,vs,1.3,1.075,0.95,3.55,3.3,3.1,3.25,17.845,82.935,29.05,31.9,52.839999999999996,62.0,638.0,0.9028213166144201
Atlanta Thrashers,2009-10-08,2,4,2,50.0,100.0,22.0,31.0,57.1,St. Louis Blues,@,1.3,1.125,0.9833333333333333,3.6,3.35,3.1,3.125,17.845000000000002,82.52000000000001,28.85,32.1,53.23,62.0,642.0,0.9034267912772586
Atlanta Thrashers,2009-10-10,0,2,4,0.0,66.7,28.0,34.0,50.0,Ottawa Senators,@,1.4,1.175,1.0166666666666666,3.65,3.4,3.0,3.1,20.345,82.52000000000001,28.45,31.95,52.81,60.0,639.0,0.9061032863849765
Atlanta Thrashers,2009-10-16,2,4,2,66.7,100.0,19.0,30.0,45.5,New Jersey Devils,@,1.3,1.125,1.0166666666666666,3.65,3.35,3.2,3.125,19.72,80.855,28.45,32.4,52.765,64.0,648.0,0.9012345679012346
Atlanta Thrashers,2009-10-17,2,4,2,40.0,80.0,27.0,42.0,50.0,Buffalo Sabres,@,1.3,1.125,1.0166666666666666,3.6,3.275,3.2,3.125,22.43,80.855,28.4,32.45,52.27,64.0,649.0,0.901386748844376
Atlanta Thrashers,2009-10-20,1,1,1,0.0,100.0,23.0,35.0,55.1,Montréal Canadiens,@,1.3,1.125,1.0333333333333334,3.65,3.275,3.3,3.125,23.18,79.855,27.95,32.8,51.885000000000005,66.0,656.0,0.899390243902439
Atlanta Thrashers,2009-10-22,0,4,5,25.0,100.0,26.0,28.0,48.4,Washington Capitals,vs,1.25,1.15,1.05,3.5,3.225,3.2,3.025,21.93,81.105,27.45,32.95,51.735,64.0,659.0,0.9028831562974203
Atlanta Thrashers,2009-10-24,0,3,4,25.0,50.0,27.0,24.0,40.3,San Jose Sharks,vs,1.15,1.15,1.05,3.55,3.325,3.3,3.1,22.345,81.105,27.15,32.5,51.654999999999994,66.0,650.0,0.8984615384615384
Atlanta Thrashers,2009-10-29,0,3,4,50.0,60.0,41.0,32.0,51.7,Washington Capitals,vs,1.05,1.15,1.0166666666666666,3.45,3.3,3.45,3.075,19.845,78.605,27.25,31.2,50.42,69.0,624.0,0.8894230769230769
Atlanta Thrashers,2009-10-31,2,3,1,0.0,75.0,21.0,51.0,64.1,Ottawa Senators,@,1.05,1.15,1.0166666666666666,3.5,3.375,3.35,3.125,22.345,78.75,28.3,31.25,50.505,67.0,625.0,0.8928
Atlanta Thrashers,2009-11-03,2,5,4,25.0,100.0,30.0,38.0,52.1,Montréal Canadiens,@,1.15,1.15,1.0166666666666666,3.5,3.425,3.1,3.125,20.68,78.75,27.65,31.9,51.855,62.0,638.0,0.9028213166144201
Atlanta Thrashers,2009-11-05,0,3,4,25.0,100.0,35.0,21.0,50.9,Columbus Blue Jackets,vs,1.15,1.2,1.05,3.6,3.525,3.15,3.1,20.265,80.75,27.35,32.35,52.0,63.0,647.0,0.9026275115919629
Atlanta Thrashers,2009-11-07,0,3,6,0.0,66.7,34.0,45.0,53.5,New York Islanders,@,1.15,1.2,1.0166666666666666,3.6,3.55,3.05,3.125,20.68,83.25,27.85,32.3,51.3,61.0,646.0,0.9055727554179567
Atlanta Thrashers,2009-11-08,2,2,2,0.0,75.0,40.0,32.0,40.7,St. Louis Blues,vs,1.05,1.15,1.0166666666666666,3.55,3.55,3.15,3.25,20.68,82.585,28.05,33.2,52.04,63.0,664.0,0.9051204819277109
Atlanta Thrashers,2009-11-12,2,5,3,40.0,75.0,27.0,36.0,50.0,New York Rangers,@,1.05,1.2,1.05,3.35,3.575,3.1,3.225,19.43,83.0,28.45,33.75,51.44500000000001,62.0,675.0,0.9081481481481481
Atlanta Thrashers,2009-11-13,2,7,0,33.3,100.0,21.0,38.0,50.8,Los Angeles Kings,vs,1.05,1.2,1.0666666666666667,3.45,3.5,3.15,3.2,21.43,83.41499999999999,28.3,33.95,51.165,63.0,679.0,0.9072164948453608
Atlanta Thrashers,2009-11-15,2,3,2,66.7,100.0,30.0,36.0,65.4,Edmonton Oilers,vs,1.05,1.2,1.1,3.65,3.525,3.1,3.05,23.095000000000002,83.41499999999999,27.75,34.05,50.989999999999995,62.0,681.0,0.908957415565345
Atlanta Thrashers,2009-11-19,1,3,3,14.3,50.0,35.0,42.0,46.0,Boston Bruins,vs,1.15,1.225,1.1,3.6,3.525,2.9,3.025,26.43,84.13,28.05,34.2,52.455,58.0,684.0,0.9152046783625731
Atlanta Thrashers,2009-11-21,0,2,3,0.0,66.7,33.0,34.0,59.4,Pittsburgh Penguins,vs,1.2,1.25,1.1166666666666667,3.65,3.575,2.85,3.025,27.145,81.63,28.25,35.0,51.925,57.0,700.0,0.9185714285714286
Atlanta Thrashers,2009-11-22,1,3,4,0.0,80.0,31.0,40.0,54.0,Tampa Bay Lightning,vs,1.2,1.2,1.1166666666666667,3.65,3.525,2.85,3.025,26.145,80.59,28.65,35.15,52.105,57.0,703.0,0.918918918918919
Atlanta Thrashers,2009-11-25,2,2,0,25.0,100.0,25.0,40.0,46.3,Detroit Red Wings,@,1.15,1.225,1.1,3.5,3.525,2.95,3.025,24.715,80.59,28.9,35.4,52.05499999999999,59.0,708.0,0.9166666666666666
Atlanta Thrashers,2009-11-27,2,6,4,0.0,100.0,34.0,36.0,53.7,Carolina Hurricanes,@,1.15,1.225,1.1333333333333333,3.3,3.45,2.8,2.95,24.3,82.255,28.75,35.45,51.565,56.0,709.0,0.921015514809591
Atlanta Thrashers,2009-11-28,2,1,0,25.0,100.0,18.0,34.0,52.5,Philadelphia Flyers,vs,1.15,1.275,1.1666666666666667,3.4,3.525,2.9,2.95,21.8,82.255,29.35,35.7,51.394999999999996,58.0,714.0,0.9187675070028011
Atlanta Thrashers,2009-11-30,2,4,3,0.0,66.7,35.0,28.0,60.4,Florida Panthers,vs,1.25,1.275,1.1666666666666667,3.35,3.5,2.7,2.95,23.05,83.91999999999999,28.85,35.7,51.519999999999996,54.0,714.0,0.9243697478991597
Atlanta Thrashers,2009-12-03,0,1,4,0.0,66.7,27.0,27.0,50.9,New York Islanders,vs,1.25,1.275,1.1666666666666667,3.35,3.475,2.75,2.975,19.715,82.255,29.65,35.6,52.265,55.0,712.0,0.922752808988764
Atlanta Thrashers,2009-12-05,2,1,1,0.0,75.0,37.0,31.0,50.0,Florida Panthers,@,1.15,1.225,1.1333333333333333,3.2,3.425,2.85,3.075,17.715,81.59,29.65,34.85,52.31,57.0,697.0,0.9182209469153515
Atlanta Thrashers,2009-12-07,0,2,5,50.0,100.0,24.0,28.0,45.1,Toronto Maple Leafs,@,1.2,1.225,1.1666666666666667,3.2,3.35,2.85,3.025,17.715,80.34,30.35,34.65,52.05499999999999,57.0,693.0,0.9177489177489178
Atlanta Thrashers,2009-12-09,0,1,3,0.0,100.0,25.0,32.0,51.0,Calgary Flames,@,1.2,1.175,1.1666666666666667,3.1,3.325,2.85,3.075,18.965,80.34,30.25,34.65,51.89,57.0,693.0,0.9177489177489178
Atlanta Thrashers,2009-12-10,0,2,4,25.0,100.0,24.0,38.0,42.1,Vancouver Canucks,@,1.2,1.125,1.1666666666666667,3.0,3.225,2.8,3.125,17.715,82.84,30.15,35.05,52.425,56.0,701.0,0.920114122681883
Atlanta Thrashers,2009-12-12,2,4,3,14.3,75.0,34.0,19.0,57.4,Montréal Canadiens,vs,1.2,1.125,1.1666666666666667,2.95,3.225,2.8,3.075,16.465,84.84,29.3,35.35,51.94499999999999,56.0,707.0,0.9207920792079208
Atlanta Thrashers,2009-12-14,2,2,2,33.3,60.0,27.0,48.0,52.7,New York Rangers,@,1.2,1.175,1.1666666666666667,3.0,3.25,2.9,3.0,17.18,84.84,29.95,33.75,51.61,58.0,675.0,0.914074074074074
Atlanta Thrashers,2009-12-16,0,3,4,0.0,100.0,23.0,29.0,50.9,Florida Panthers,@,1.2,1.175,1.2,2.85,3.225,2.8,2.975,17.595,82.84,29.8,34.25,51.64,56.0,685.0,0.9182481751824818
Atlanta Thrashers,2009-12-17,2,6,5,75.0,50.0,25.0,47.0,52.2,Dallas Stars,vs,1.2,1.175,1.2,2.85,3.225,2.8,2.925,16.345,82.84,29.2,34.65,51.64,56.0,693.0,0.9191919191919192
Atlanta Thrashers,2009-12-19,0,4,5,50.0,50.0,26.0,42.0,49.2,New Jersey Devils,vs,1.3,1.175,1.2,3.0,3.275,2.75,2.95,20.095,82.00500000000001,28.75,34.75,51.575,55.0,695.0,0.920863309352518
Atlanta Thrashers,2009-12-21,1,3,4,16.7,33.3,50.0,23.0,59.3,Montréal Canadiens,vs,1.2,1.125,1.2,3.1,3.225,2.9,3.0,22.595,80.75500000000001,28.05,35.25,52.0,58.0,705.0,0.9177304964539007
Atlanta Thrashers,2009-12-23,0,4,6,0.0,40.0,29.0,31.0,53.1,Boston Bruins,@,1.15,1.1,1.1833333333333333,3.0,3.225,2.95,3.05,21.43,78.67,29.2,34.6,52.464999999999996,59.0,692.0,0.9147398843930635
Atlanta Thrashers,2009-12-26,0,3,4,0.0,100.0,27.0,34.0,46.4,Tampa Bay Lightning,@,1.05,1.05,1.15,2.85,3.25,3.25,3.175,19.764999999999997,75.67,29.6,34.25,52.580000000000005,65.0,685.0,0.9051094890510949
Atlanta Thrashers,2009-12-28,0,2,3,0.0,50.0,26.0,26.0,44.9,New Jersey Devils,@,0.95,1.05,1.1333333333333333,2.85,3.225,3.35,3.125,16.43,75.67,29.45,34.15,51.629999999999995,67.0,683.0,0.9019033674963397
Atlanta Thrashers,2009-12-30,0,0,4,0.0,80.0,18.0,30.0,55.1,Boston Bruins,@,0.9,1.05,1.1333333333333333,2.8,3.225,3.35,3.1,15.714999999999998,75.67,29.0,33.35,51.575,67.0,667.0,0.8995502248875562
Atlanta Thrashers,2010-01-01,1,3,4,16.7,100.0,35.0,23.0,48.3,Buffalo Sabres,@,0.9,1.05,1.1,2.7,3.175,3.4,3.125,15.714999999999998,76.33500000000001,28.25,33.15,51.36,68.0,663.0,0.8974358974358975
Atlanta Thrashers,2010-01-02,1,5,5,20.0,100.0,27.0,36.0,39.3,New York Islanders,@,0.9,1.025,1.1166666666666667,2.7,3.1,3.4,3.175,16.55,77.33500000000001,28.45,32.3,51.075,68.0,646.0,0.8947368421052632
Atlanta Thrashers,2010-01-05,0,2,5,0.0,75.0,33.0,37.0,61.4,Pittsburgh Penguins,@,0.85,1.0,1.1,2.85,3.075,3.65,3.225,16.3,77.33500000000001,28.55,32.1,50.725,73.0,642.0,0.8862928348909658
Atlanta Thrashers,2010-01-07,2,1,1,0.0,100.0,32.0,30.0,48.4,New York Rangers,vs,0.75,0.95,1.1,2.65,3.025,3.7,3.3,16.3,76.08500000000001,28.5,32.15,51.11,74.0,643.0,0.8849144634525661
Atlanta Thrashers,2010-01-09,0,1,8,0.0,33.3,39.0,37.0,52.9,Washington Capitals,vs,0.75,1.0,1.1,2.65,3.0,3.75,3.225,15.05,76.08500000000001,29.2,31.95,50.905,75.0,639.0,0.8826291079812206
Atlanta Thrashers,2010-01-12,2,6,1,20.0,100.0,28.0,31.0,49.2,Ottawa Senators,vs,0.65,0.95,1.0666666666666667,2.5,2.925,4.0,3.375,15.05,74.41499999999999,29.4,32.4,50.53,80.0,648.0,0.8765432098765432
Atlanta Thrashers,2010-01-14,1,1,2,14.3,85.7,33.0,32.0,53.2,Buffalo Sabres,vs,0.75,0.95,1.0666666666666667,2.75,2.975,3.85,3.35,16.05,76.08,29.45,32.6,50.44500000000001,77.0,652.0,0.8819018404907976
Atlanta Thrashers,2010-01-16,2,5,3,0.0,50.0,37.0,32.0,48.6,Carolina Hurricanes,@,0.7,0.95,1.05,2.75,2.975,3.9,3.375,16.764999999999997,76.615,29.25,32.65,50.605000000000004,78.0,653.0,0.8805513016845329
Atlanta Thrashers,2010-01-18,0,0,1,0.0,100.0,27.0,24.0,42.6,Florida Panthers,@,0.8,1.0,1.05,2.9,3.0,3.8,3.325,14.264999999999997,74.115,29.9,32.85,50.78,76.0,657.0,0.8843226788432268
Atlanta Thrashers,2010-01-19,2,4,3,14.3,100.0,32.0,40.0,46.0,Toronto Maple Leafs,vs,0.8,1.0,1.0166666666666666,2.85,2.925,3.7,3.25,14.264999999999997,74.115,30.0,32.45,50.36,74.0,649.0,0.8859784283513097
Atlanta Thrashers,2010-01-21,0,2,5,0.0,25.0,34.0,22.0,43.8,Carolina Hurricanes,vs,0.9,1.05,1.05,2.95,2.95,3.65,3.225,13.729999999999999,74.115,30.4,32.55,50.555,73.0,651.0,0.8878648233486943
Atlanta Thrashers,2010-01-23,1,1,1,0.0,75.0,38.0,26.0,50.0,Tampa Bay Lightning,@,0.8,1.0,1.05,2.85,2.925,3.75,3.325,13.014999999999997,71.615,30.4,32.7,49.875,75.0,654.0,0.8853211009174312
Atlanta Thrashers,2010-01-26,2,2,1,25.0,100.0,34.0,35.0,46.0,Anaheim Ducks,vs,0.75,0.975,1.0333333333333334,2.8,2.825,3.7,3.25,11.35,72.365,30.95,31.6,49.739999999999995,74.0,632.0,0.8829113924050633
Atlanta Thrashers,2010-01-28,2,4,3,0.0,100.0,28.0,37.0,47.8,Philadelphia Flyers,@,0.85,1.025,1.0666666666666667,2.75,2.8,3.55,3.175,12.6,72.365,31.5,31.9,49.495,71.0,638.0,0.8887147335423198
Atlanta Thrashers,2010-01-30,0,3,4,33.3,100.0,26.0,31.0,46.4,Nashville Predators,@,0.85,1.075,1.0666666666666667,2.65,2.825,3.45,3.1,8.85,74.865,31.65,31.4,49.275,69.0,628.0,0.8901273885350318
Atlanta Thrashers,2010-02-02,0,1,2,0.0,100.0,27.0,24.0,40.8,Tampa Bay Lightning,vs,0.85,1.025,1.0333333333333334,2.6,2.85,3.4,3.15,8.015,77.365,31.65,30.85,49.135000000000005,68.0,617.0,0.8897893030794165
Atlanta Thrashers,2010-02-05,0,2,5,0.0,80.0,45.0,32.0,54.9,Washington Capitals,@,0.8,0.975,1.0,2.5,2.75,3.3,3.125,7.1800000000000015,80.7,30.5,30.9,48.209999999999994,66.0,618.0,0.8932038834951457
Atlanta Thrashers,2010-02-06,2,4,2,25.0,100.0,34.0,28.0,56.0,Florida Panthers,vs,0.8,0.925,0.9666666666666667,2.4,2.625,3.25,3.25,7.1800000000000015,82.7,31.3,30.95,48.3,65.0,619.0,0.8949919224555735
Atlanta Thrashers,2010-02-10,1,3,4,0.0,100.0,36.0,35.0,47.5,Colorado Avalanche,@,0.9,0.925,1.0,2.45,2.65,3.15,3.25,8.430000000000001,82.7,31.65,30.65,48.779999999999994,63.0,613.0,0.8972267536704731
Atlanta Thrashers,2010-02-12,2,3,2,14.3,75.0,24.0,38.0,51.4,Minnesota Wild,@,0.95,0.925,1.0166666666666666,2.5,2.65,3.2,3.275,8.430000000000001,85.2,32.15,31.1,48.91,64.0,622.0,0.8971061093247589
Atlanta Thrashers,2010-02-13,1,4,4,20.0,83.3,27.0,40.0,57.6,Chicago Blackhawks,@,1.05,0.975,1.05,2.65,2.675,3.1,3.25,9.145,84.95,32.45,31.5,48.724999999999994,62.0,630.0,0.9015873015873016
Atlanta Thrashers,2010-03-02,2,4,2,20.0,87.5,39.0,36.0,55.6,Florida Panthers,vs,1.05,0.975,1.0333333333333334,2.7,2.7,3.1,3.25,9.309999999999999,84.115,32.05,32.35,49.19,62.0,647.0,0.9041731066460588
Atlanta Thrashers,2010-03-04,2,6,3,33.3,60.0,22.0,37.0,62.0,New York Islanders,vs,1.1,0.975,1.0333333333333334,2.65,2.75,2.95,3.3,9.309999999999999,83.49,32.65,32.35,50.005,59.0,647.0,0.9088098918083463
Atlanta Thrashers,2010-03-06,0,2,6,0.0,75.0,31.0,30.0,45.0,Tampa Bay Lightning,@,1.2,0.975,1.0333333333333334,2.85,2.75,2.85,3.275,10.975,82.74,32.1,32.35,50.035000000000004,57.0,647.0,0.9119010819165378
Atlanta Thrashers,2010-03-07,0,0,4,0.0,71.4,27.0,33.0,47.5,Carolina Hurricanes,vs,1.1,0.925,1.0333333333333334,2.9,2.775,3.1,3.425,10.975,81.49,32.05,32.35,49.864999999999995,62.0,647.0,0.9041731066460588
Atlanta Thrashers,2010-03-09,0,1,2,0.0,50.0,31.0,32.0,50.0,Nashville Predators,vs,1.1,0.875,1.0,2.85,2.675,2.9,3.45,10.975,83.39500000000001,31.45,32.15,49.595,58.0,643.0,0.9097978227060654
Atlanta Thrashers,2010-03-11,0,1,2,0.0,75.0,29.0,21.0,44.4,Columbus Blue Jackets,@,1.0,0.875,0.9666666666666667,2.6,2.675,2.95,3.4,9.975,80.89500000000001,31.6,32.2,49.635000000000005,59.0,644.0,0.9083850931677019
Atlanta Thrashers,2010-03-12,0,2,5,25.0,66.7,31.0,35.0,44.1,New York Rangers,vs,0.95,0.825,0.95,2.6,2.675,2.95,3.425,9.26,80.36,31.4,31.65,49.195,59.0,633.0,0.9067930489731437
Atlanta Thrashers,2010-03-14,1,2,2,25.0,75.0,41.0,34.0,55.6,Phoenix Coyotes,vs,0.85,0.825,0.95,2.45,2.675,3.05,3.425,10.51,81.19500000000001,31.1,31.8,48.97,61.0,636.0,0.9040880503144654
Atlanta Thrashers,2010-03-16,2,4,3,0.0,75.0,26.0,32.0,50.9,Buffalo Sabres,vs,0.9,0.85,0.9666666666666667,2.55,2.7,3.1,3.4,11.76,79.94500000000001,31.8,32.3,49.62,62.0,646.0,0.9040247678018576
Atlanta Thrashers,2010-03-18,2,6,3,33.3,100.0,27.0,39.0,53.7,Ottawa Senators,vs,0.9,0.9,1.0,2.55,2.75,3.1,3.375,11.044999999999998,78.69500000000001,31.5,31.9,49.864999999999995,62.0,638.0,0.9028213166144201
Atlanta Thrashers,2010-03-20,2,5,2,0.0,100.0,28.0,27.0,45.3,Philadelphia Flyers,vs,1.0,0.9,1.0,2.75,2.8,3.0,3.375,12.709999999999999,82.44500000000001,31.15,32.75,50.36,60.0,655.0,0.9083969465648855
Atlanta Thrashers,2010-03-21,2,3,1,0.0,100.0,31.0,45.0,40.7,Philadelphia Flyers,@,1.05,0.9,1.0,2.95,2.875,3.05,3.375,12.709999999999999,83.69500000000001,30.65,32.8,50.125,61.0,656.0,0.9070121951219512
Atlanta Thrashers,2010-03-23,0,0,4,0.0,100.0,27.0,33.0,52.0,Boston Bruins,vs,1.05,0.95,1.0333333333333334,3.0,2.875,3.05,3.3,11.459999999999999,83.69500000000001,30.5,33.3,49.86,61.0,666.0,0.9084084084084084
Atlanta Thrashers,2010-03-25,1,1,2,50.0,100.0,20.0,30.0,50.9,Toronto Maple Leafs,vs,0.95,0.9,1.0333333333333334,2.8,2.725,3.1,3.275,11.459999999999999,83.69500000000001,30.45,33.1,50.07000000000001,62.0,662.0,0.9063444108761329
Atlanta Thrashers,2010-03-27,2,4,0,33.3,100.0,43.0,34.0,68.9,Carolina Hurricanes,@,1.0,0.925,1.0166666666666666,2.7,2.65,3.0,3.2,12.294999999999998,83.69500000000001,30.15,33.05,50.295,60.0,661.0,0.9092284417549168
Atlanta Thrashers,2010-03-29,0,1,4,16.7,100.0,27.0,22.0,56.1,Carolina Hurricanes,vs,1.1,0.95,1.0166666666666666,2.85,2.675,2.9,3.1,13.959999999999999,83.69500000000001,30.95,33.55,51.7,58.0,671.0,0.9135618479880775
Atlanta Thrashers,2010-03-30,2,3,2,0.0,100.0,25.0,29.0,51.0,Toronto Maple Leafs,@,1.1,0.95,0.9833333333333333,2.8,2.6,2.85,3.05,14.794999999999998,84.69500000000001,30.05,33.05,51.760000000000005,57.0,661.0,0.913767019667171
Atlanta Thrashers,2010-04-01,0,1,2,0.0,100.0,20.0,24.0,46.7,Washington Capitals,@,1.1,1.0,0.9833333333333333,2.75,2.6,2.85,3.0,13.544999999999998,84.69500000000001,29.6,33.1,51.510000000000005,57.0,662.0,0.9138972809667674
Atlanta Thrashers,2010-04-03,1,3,4,33.3,60.0,24.0,35.0,52.9,Pittsburgh Penguins,@,1.05,1.0,0.9666666666666667,2.65,2.575,2.75,2.975,13.544999999999998,84.69500000000001,28.8,32.55,51.470000000000006,55.0,651.0,0.9155145929339478
Atlanta Thrashers,2010-04-06,0,0,3,0.0,100.0,19.0,27.0,47.6,New Jersey Devils,vs,1.0,1.025,0.9833333333333333,2.65,2.65,2.85,2.975,14.495,83.94500000000001,28.8,32.4,51.545,57.0,648.0,0.9120370370370371
Atlanta Thrashers,2010-04-09,0,2,5,0.0,100.0,31.0,47.0,46.0,Washington Capitals,@,0.95,1.0,0.9666666666666667,2.45,2.575,2.8,2.95,13.495,84.78,28.4,31.75,51.045,56.0,635.0,0.9118110236220472
Atlanta Thrashers,2010-04-10,2,1,0,0.0,100.0,22.0,33.0,53.9,Pittsburgh Penguins,vs,0.85,0.975,0.9333333333333333,2.35,2.5,2.95,2.95,12.495,85.405,28.0,32.3,50.565000000000005,59.0,646.0,0.9086687306501547
Atlanta Thrashers,2010-10-08,2,4,2,0.0,100.0,31.0,31.0,53.6,Washington Capitals,vs,0.85,1.025,0.9333333333333333,2.1,2.475,2.8,2.825,10.829999999999998,87.405,28.0,32.1,50.160000000000004,56.0,642.0,0.9127725856697819
Atlanta Thrashers,2010-10-09,0,3,5,16.7,60.0,30.0,36.0,41.4,Tampa Bay Lightning,@,0.95,1.025,0.9333333333333333,2.2,2.55,2.6,2.85,10.829999999999998,88.655,28.0,32.15,50.59,52.0,643.0,0.9191290824261276
Atlanta Thrashers,2010-10-12,0,1,3,0.0,100.0,32.0,35.0,59.6,Los Angeles Kings,@,0.95,1.025,0.9,2.35,2.6,2.65,2.775,11.665,88.08500000000001,28.15,32.3,50.285000000000004,53.0,646.0,0.9179566563467493
Atlanta Thrashers,2010-10-15,2,4,4,75.0,57.1,33.0,41.0,53.5,Anaheim Ducks,@,0.95,0.975,0.9,2.35,2.475,2.7,2.825,11.665000000000001,90.58500000000001,28.2,32.45,50.765,54.0,649.0,0.9167950693374423
Atlanta Thrashers,2010-10-16,2,4,2,33.3,75.0,28.0,39.0,37.9,San Jose Sharks,@,1.05,1.0,0.9,2.5,2.55,2.8,2.875,15.415000000000001,89.69,28.4,33.45,51.220000000000006,56.0,669.0,0.9162929745889388
Atlanta Thrashers,2010-10-20,0,1,4,25.0,85.7,18.0,42.0,49.0,Buffalo Sabres,vs,1.15,1.0,0.9333333333333333,2.6,2.525,2.65,2.85,15.830000000000002,90.10499999999999,28.25,33.65,50.910000000000004,53.0,673.0,0.9212481426448736
Atlanta Thrashers,2010-10-22,0,2,5,12.5,66.7,30.0,33.0,47.3,Tampa Bay Lightning,vs,1.1,1.0,0.9333333333333333,2.55,2.55,2.75,2.925,15.830000000000002,90.64,27.1,34.05,50.58,55.0,681.0,0.9192364170337739
Atlanta Thrashers,2010-10-23,1,3,4,16.7,100.0,32.0,44.0,35.9,Washington Capitals,@,1.0,0.95,0.9333333333333333,2.45,2.5,2.85,2.975,16.455000000000002,90.225,27.3,34.1,50.4,57.0,682.0,0.9164222873900293
Atlanta Thrashers,2010-10-27,2,6,4,33.3,100.0,26.0,28.0,46.7,New York Rangers,@,0.95,0.975,0.9166666666666666,2.3,2.525,2.9,2.95,15.625,90.225,27.55,34.35,49.51,58.0,687.0,0.9155749636098981
Atlanta Thrashers,2010-10-29,2,4,3,28.6,100.0,22.0,28.0,58.8,Buffalo Sabres,vs,0.95,1.0,0.9166666666666666,2.35,2.65,3.0,3.025,17.29,90.225,27.45,34.4,49.58,60.0,688.0,0.9127906976744186
Atlanta Thrashers,2010-10-30,1,3,3,28.6,100.0,28.0,35.0,52.5,St. Louis Blues,@,0.95,1.0,0.95,2.4,2.7,3.1,3.075,18.72,90.225,27.0,33.55,50.485,62.0,671.0,0.9076005961251863
Atlanta Thrashers,2010-11-03,2,4,3,0.0,100.0,23.0,55.0,46.9,Florida Panthers,@,1.0,0.975,0.9333333333333333,2.55,2.675,3.05,3.075,20.15,90.225,27.05,33.65,50.51,61.0,673.0,0.9093610698365527
Atlanta Thrashers,2010-11-04,0,0,3,0.0,100.0,25.0,42.0,51.0,Columbus Blue Jackets,vs,1.05,1.025,0.9666666666666667,2.7,2.7,3.1,3.05,17.65,90.225,27.2,34.9,50.31,62.0,698.0,0.9111747851002865
Atlanta Thrashers,2010-11-06,1,4,4,60.0,0.0,37.0,40.0,58.7,Chicago Blackhawks,vs,0.95,1.025,0.95,2.5,2.675,3.25,3.075,15.985,90.225,26.3,35.3,49.415,65.0,706.0,0.9079320113314447
Atlanta Thrashers,2010-11-09,0,2,5,40.0,33.3,37.0,29.0,40.0,Ottawa Senators,@,1.0,1.05,0.9666666666666667,2.65,2.725,3.25,3.05,18.15,85.225,26.8,36.2,49.545,65.0,724.0,0.9102209944751382
Atlanta Thrashers,2010-11-11,2,5,1,0.0,66.7,34.0,33.0,46.7,Minnesota Wild,vs,0.9,1.0,0.9666666666666667,2.6,2.675,3.4,3.125,20.15,81.89,27.4,36.2,48.995,68.0,724.0,0.9060773480662984
Atlanta Thrashers,2010-11-13,0,2,4,0.0,80.0,33.0,28.0,59.6,Pittsburgh Penguins,vs,1.0,1.025,1.0,2.8,2.725,3.35,3.05,20.15,80.225,28.1,36.65,48.995,67.0,733.0,0.9085948158253752
Atlanta Thrashers,2010-11-14,0,4,6,50.0,66.7,27.0,33.0,50.0,Washington Capitals,@,0.95,0.975,1.0,2.75,2.7,3.35,3.1,18.485,81.225,28.55,36.3,49.33,67.0,726.0,0.9077134986225895
Atlanta Thrashers,2010-11-17,0,1,2,0.0,100.0,39.0,34.0,49.1,Florida Panthers,vs,0.95,0.95,0.9833333333333333,2.95,2.7,3.5,3.15,20.985,79.55999999999999,28.95,36.6,49.45,70.0,732.0,0.9043715846994536
Atlanta Thrashers,2010-11-19,2,5,0,0.0,100.0,36.0,29.0,50.0,Washington Capitals,vs,0.95,0.9,0.9666666666666667,2.9,2.625,3.35,3.15,20.985,79.55999999999999,29.35,35.95,49.605,67.0,719.0,0.9068150208623088
Atlanta Thrashers,2010-11-21,2,2,1,25.0,100.0,35.0,29.0,47.5,New York Islanders,vs,0.95,0.9,1.0,3.1,2.6,3.35,3.075,20.985,79.55999999999999,30.05,35.75,49.41,67.0,715.0,0.9062937062937063
Atlanta Thrashers,2010-11-24,2,5,1,100.0,66.7,38.0,33.0,45.9,Detroit Red Wings,vs,0.95,0.95,1.0,3.0,2.6,3.3,2.95,22.235,79.55999999999999,30.25,35.65,49.105,66.0,713.0,0.9074333800841514
Atlanta Thrashers,2010-11-26,2,3,0,14.3,100.0,47.0,25.0,61.8,Montréal Canadiens,vs,1.05,1.0,1.0333333333333334,3.1,2.725,3.1,2.875,26.4,79.895,30.65,35.5,49.33,62.0,710.0,0.9126760563380282
Atlanta Thrashers,2010-11-28,2,4,1,33.3,100.0,26.0,41.0,52.5,Boston Bruins,vs,1.15,1.05,1.0333333333333334,3.2,2.775,2.95,2.825,27.115,79.895,31.4,35.0,49.44,59.0,700.0,0.9157142857142857
Atlanta Thrashers,2010-11-30,2,3,2,0.0,75.0,31.0,31.0,50.0,Colorado Avalanche,@,1.15,1.1,1.05,3.2,2.85,2.8,2.8,25.03,82.03999999999999,31.05,35.0,49.39,56.0,700.0,0.92
Atlanta Thrashers,2010-12-02,0,2,3,50.0,100.0,22.0,28.0,46.2,Pittsburgh Penguins,@,1.15,1.15,1.05,3.15,2.875,2.8,2.725,23.365,82.03999999999999,31.2,34.6,49.995,56.0,692.0,0.9190751445086706
Atlanta Thrashers,2010-12-04,2,3,1,50.0,100.0,33.0,46.0,52.1,Washington Capitals,@,1.15,1.125,1.05,3.2,2.875,2.75,2.75,24.615,82.755,31.4,33.9,49.855000000000004,55.0,678.0,0.9188790560471977
Atlanta Thrashers,2010-12-06,2,3,2,25.0,100.0,37.0,29.0,70.6,Nashville Predators,vs,1.25,1.125,1.05,3.25,2.85,2.55,2.7,26.49,84.41999999999999,31.55,34.55,50.095,51.0,691.0,0.9261939218523878
Atlanta Thrashers,2010-12-10,0,2,4,0.0,66.7,26.0,29.0,55.6,Colorado Avalanche,vs,1.3,1.125,1.0833333333333333,3.25,2.775,2.45,2.675,26.905,84.41999999999999,31.8,33.8,51.830000000000005,49.0,676.0,0.9275147928994083
Atlanta Thrashers,2010-12-11,2,5,4,0.0,83.3,35.0,29.0,50.8,New York Islanders,@,1.2,1.075,1.0666666666666667,3.05,2.7,2.45,2.725,25.24,82.755,31.8,33.85,52.275,49.0,677.0,0.9276218611521418
Atlanta Thrashers,2010-12-13,2,4,3,20.0,100.0,24.0,30.0,44.7,Ottawa Senators,@,1.2,1.075,1.0666666666666667,3.1,2.75,2.5,2.8,23.810000000000002,81.91999999999999,32.45,33.9,51.875,50.0,678.0,0.9262536873156342
Atlanta Thrashers,2010-12-15,1,1,1,0.0,100.0,28.0,31.0,40.0,Tampa Bay Lightning,@,1.25,1.125,1.0666666666666667,3.15,2.85,2.5,2.775,23.380000000000003,81.91999999999999,32.25,33.65,51.485,50.0,673.0,0.9257057949479941
Atlanta Thrashers,2010-12-16,1,2,2,25.0,100.0,47.0,29.0,59.3,Carolina Hurricanes,vs,1.2,1.125,1.0833333333333333,3.0,2.85,2.4,2.75,23.380000000000003,81.91999999999999,32.5,32.45,51.14,48.0,649.0,0.926040061633282
Atlanta Thrashers,2010-12-18,2,7,1,0.0,66.7,22.0,27.0,47.5,New Jersey Devils,vs,1.25,1.1,1.1,3.1,2.8,2.35,2.8,24.630000000000003,81.91999999999999,33.6,31.8,51.55499999999999,47.0,636.0,0.9261006289308176
Atlanta Thrashers,2010-12-20,2,6,3,100.0,40.0,23.0,40.0,51.8,Toronto Maple Leafs,@,1.3,1.15,1.1333333333333333,3.25,2.95,2.2,2.725,21.630000000000003,85.255,32.85,31.15,50.995,44.0,623.0,0.9293739967897271
Atlanta Thrashers,2010-12-21,0,2,4,0.0,100.0,39.0,27.0,50.8,St. Louis Blues,vs,1.4,1.15,1.1333333333333333,3.45,3.025,2.1,2.75,24.630000000000003,85.59,32.15,31.7,51.585,42.0,634.0,0.9337539432176656
Atlanta Thrashers,2010-12-23,0,1,4,0.0,80.0,27.0,36.0,39.7,Boston Bruins,@,1.3,1.15,1.1166666666666667,3.3,3.05,2.25,2.8,24.630000000000003,87.255,32.4,31.4,51.79,45.0,628.0,0.928343949044586
Atlanta Thrashers,2010-12-26,1,2,3,0.0,83.3,28.0,34.0,57.8,Tampa Bay Lightning,vs,1.3,1.125,1.0833333333333333,3.25,3.0,2.25,2.8,24.630000000000003,87.255,32.1,31.8,50.795,45.0,636.0,0.9292452830188679
Atlanta Thrashers,2010-12-28,0,3,6,12.5,66.7,34.0,36.0,54.0,Pittsburgh Penguins,@,1.35,1.15,1.0833333333333333,3.15,3.05,2.1,2.8,22.130000000000003,88.08500000000001,32.15,31.85,51.184999999999995,42.0,637.0,0.9340659340659341
Atlanta Thrashers,2010-12-30,2,2,2,40.0,100.0,32.0,44.0,46.2,Boston Bruins,vs,1.35,1.15,1.05,3.25,3.075,2.3,2.825,22.755000000000003,86.42,31.9,31.95,51.43000000000001,46.0,639.0,0.9280125195618153
Atlanta Thrashers,2010-12-31,0,1,3,0.0,100.0,29.0,28.0,44.2,New Jersey Devils,@,1.35,1.15,1.05,3.1,3.1,2.4,2.875,24.755000000000003,86.42,31.7,32.7,51.239999999999995,48.0,654.0,0.926605504587156
Atlanta Thrashers,2011-01-02,2,4,3,50.0,33.3,28.0,50.0,36.8,Montréal Canadiens,@,1.25,1.1,1.05,3.05,3.025,2.5,2.9,23.505000000000003,86.42,31.4,32.65,51.075,50.0,653.0,0.9234303215926493
Atlanta Thrashers,2011-01-05,2,3,2,16.7,100.0,31.0,35.0,54.4,Florida Panthers,@,1.25,1.15,1.0833333333333333,3.0,3.05,2.6,2.85,21.005000000000003,84.75,30.9,33.5,50.62,52.0,670.0,0.9223880597014925
Atlanta Thrashers,2011-01-07,0,3,9,0.0,28.6,44.0,34.0,45.8,Toronto Maple Leafs,vs,1.25,1.2,1.1166666666666667,3.0,3.1,2.7,2.825,21.125,84.75,30.1,34.0,50.25,54.0,680.0,0.9205882352941176
Atlanta Thrashers,2011-01-09,1,3,4,50.0,50.0,28.0,34.0,41.3,Carolina Hurricanes,@,1.15,1.15,1.1166666666666667,2.95,3.075,3.1,2.95,19.46,81.18,31.0,33.65,49.915,62.0,673.0,0.9078751857355126
Atlanta Thrashers,2011-01-14,0,2,5,33.3,100.0,29.0,36.0,49.1,Philadelphia Flyers,vs,1.1,1.125,1.1333333333333333,2.95,3.05,3.2,3.0,21.96,79.93,30.85,33.8,49.480000000000004,64.0,676.0,0.9053254437869822
Atlanta Thrashers,2011-01-15,0,1,6,0.0,20.0,30.0,27.0,35.5,Dallas Stars,@,1.1,1.125,1.1166666666666667,2.95,3.075,3.3,3.025,21.125,79.93,31.2,34.2,49.62499999999999,66.0,684.0,0.9035087719298246
Atlanta Thrashers,2011-01-17,2,2,2,0.0,60.0,30.0,40.0,49.2,Florida Panthers,@,1.0,1.125,1.0833333333333333,2.85,3.05,3.55,3.05,18.625,75.93,31.05,33.25,48.795,71.0,665.0,0.8932330827067669
Atlanta Thrashers,2011-01-20,1,2,2,50.0,100.0,29.0,31.0,57.6,Tampa Bay Lightning,vs,1.0,1.15,1.0833333333333333,2.8,3.025,3.55,3.0,17.375,73.93,30.7,33.8,47.725,71.0,676.0,0.8949704142011834
Atlanta Thrashers,2011-01-22,1,2,2,0.0,100.0,22.0,31.0,57.7,New York Rangers,vs,1.05,1.125,1.0666666666666667,2.8,2.925,3.45,2.95,19.875,75.595,30.85,33.9,47.825,69.0,678.0,0.8982300884955752
Atlanta Thrashers,2011-01-23,0,1,7,0.0,50.0,22.0,39.0,46.6,Tampa Bay Lightning,@,1.0,1.1,1.05,2.65,2.875,3.35,2.925,19.875,76.43,30.2,34.0,48.17,67.0,680.0,0.9014705882352941
Atlanta Thrashers,2011-01-26,2,1,0,0.0,100.0,24.0,36.0,46.3,Washington Capitals,vs,0.9,1.075,1.05,2.5,2.825,3.55,3.025,18.875,73.93,30.1,34.45,48.265,71.0,689.0,0.8969521044992743
Atlanta Thrashers,2011-02-01,0,1,4,0.0,0.0,26.0,33.0,49.2,New York Islanders,vs,0.95,1.075,1.0666666666666667,2.5,2.75,3.5,2.95,18.875,73.93,29.9,34.7,48.58,70.0,694.0,0.899135446685879
Atlanta Thrashers,2011-02-03,0,2,4,0.0,100.0,24.0,24.0,59.0,Calgary Flames,vs,0.9,1.075,1.0333333333333334,2.45,2.775,3.6,2.975,17.625,68.93,28.85,34.9,48.075,72.0,698.0,0.8968481375358166
Atlanta Thrashers,2011-02-05,1,3,4,0.0,83.3,37.0,37.0,40.0,Carolina Hurricanes,@,0.8,1.05,1.0333333333333334,2.2,2.725,3.75,2.975,17.625,70.595,28.95,34.75,48.65,75.0,695.0,0.8920863309352518
Atlanta Thrashers,2011-02-07,0,4,5,28.6,75.0,34.0,32.0,45.2,Toronto Maple Leafs,@,0.75,1.075,1.0166666666666666,2.05,2.75,3.8,2.95,12.625,72.76,29.65,34.6,48.059999999999995,76.0,692.0,0.8901734104046243
Atlanta Thrashers,2011-02-11,2,3,2,20.0,66.7,35.0,29.0,53.7,New York Rangers,vs,0.75,1.025,1.0166666666666666,2.15,2.725,3.85,3.05,14.055000000000001,71.51,29.4,34.85,47.78,77.0,697.0,0.8895265423242468
Atlanta Thrashers,2011-02-13,0,2,3,0.0,100.0,43.0,17.0,52.9,Carolina Hurricanes,vs,0.85,1.075,1.0333333333333334,2.25,2.75,3.75,3.0,15.055000000000001,70.845,29.8,34.5,48.480000000000004,75.0,690.0,0.8913043478260869
Atlanta Thrashers,2011-02-17,0,3,4,50.0,100.0,36.0,32.0,58.6,Phoenix Coyotes,@,0.8,1.075,1.0333333333333334,2.25,2.7,3.75,2.925,15.055000000000001,71.68,30.55,33.65,48.235,75.0,673.0,0.888558692421991
Atlanta Thrashers,2011-02-19,0,3,5,0.0,62.5,31.0,26.0,45.5,Edmonton Oilers,@,0.8,1.075,1.0333333333333334,2.25,2.75,3.65,2.975,16.93,73.345,30.65,33.45,48.465,73.0,669.0,0.890881913303438
Atlanta Thrashers,2011-02-23,0,1,4,25.0,100.0,41.0,39.0,40.6,Buffalo Sabres,@,0.7,1.025,1.0,2.3,2.7,3.8,3.1,14.930000000000001,71.47,30.6,32.55,48.43,76.0,651.0,0.8832565284178188
Atlanta Thrashers,2011-02-25,1,1,1,0.0,100.0,46.0,32.0,60.9,Florida Panthers,vs,0.7,0.975,0.9666666666666667,2.3,2.675,3.85,3.175,16.18,71.47,31.2,33.1,48.25,77.0,662.0,0.8836858006042296
Atlanta Thrashers,2011-02-27,2,3,2,25.0,100.0,43.0,24.0,47.2,Toronto Maple Leafs,vs,0.65,0.95,0.9833333333333333,2.15,2.575,3.75,3.175,13.680000000000001,74.805,32.1,32.2,49.455,75.0,644.0,0.8835403726708074
Atlanta Thrashers,2011-03-01,0,1,3,0.0,80.0,41.0,23.0,34.0,Montréal Canadiens,vs,0.65,0.95,1.0166666666666666,2.15,2.575,3.75,3.225,14.095000000000002,74.805,32.7,31.65,49.095,75.0,633.0,0.8815165876777251
Atlanta Thrashers,2011-03-03,0,1,3,0.0,100.0,43.0,27.0,51.2,Ottawa Senators,vs,0.65,0.9,0.9833333333333333,2.05,2.5,3.45,3.275,14.095000000000002,77.375,32.55,31.1,48.505,69.0,622.0,0.8890675241157556
Atlanta Thrashers,2011-03-05,2,4,3,20.0,75.0,36.0,34.0,42.7,Florida Panthers,vs,0.6,0.85,0.95,1.95,2.45,3.4,3.3,11.595,79.875,33.3,30.75,49.0,68.0,615.0,0.8894308943089431
Atlanta Thrashers,2011-03-09,2,3,2,50.0,100.0,29.0,37.0,55.8,Carolina Hurricanes,@,0.7,0.9,0.9833333333333333,2.05,2.5,3.3,3.3,10.93,78.625,33.65,30.65,48.68,66.0,613.0,0.8923327895595432
Atlanta Thrashers,2011-03-11,1,2,3,25.0,50.0,26.0,30.0,41.2,New Jersey Devils,vs,0.8,0.9,1.0166666666666666,2.15,2.5,3.1,3.325,13.430000000000001,82.625,33.6,31.15,49.69500000000001,62.0,623.0,0.9004815409309791
Atlanta Thrashers,2011-03-12,2,5,4,33.3,0.0,41.0,24.0,50.0,Philadelphia Flyers,@,0.75,0.875,1.0166666666666666,2.15,2.475,3.15,3.35,14.680000000000001,82.125,33.4,30.65,49.295,63.0,613.0,0.8972267536704731
Atlanta Thrashers,2011-03-15,0,2,4,0.0,100.0,20.0,24.0,53.2,New Jersey Devils,@,0.8,0.925,1.0166666666666666,2.3,2.55,3.25,3.35,13.844999999999999,77.125,34.0,30.3,48.915,65.0,606.0,0.8927392739273927
Atlanta Thrashers,2011-03-17,2,3,3,0.0,100.0,25.0,24.0,53.5,Philadelphia Flyers,vs,0.75,0.875,0.9833333333333333,2.3,2.475,3.35,3.35,13.844999999999999,77.125,33.9,29.95,48.69,67.0,599.0,0.8881469115191987
Atlanta Thrashers,2011-03-19,0,2,8,0.0,57.1,31.0,28.0,40.7,Buffalo Sabres,@,0.85,0.875,1.0,2.4,2.45,3.15,3.35,13.844999999999999,79.625,34.05,29.2,49.035000000000004,63.0,584.0,0.8921232876712328
Atlanta Thrashers,2011-03-24,2,2,1,33.3,100.0,34.0,15.0,46.3,New York Islanders,@,0.75,0.85,0.9666666666666667,2.45,2.475,3.55,3.525,13.844999999999999,77.47999999999999,34.4,28.8,48.755,71.0,576.0,0.8767361111111112
Atlanta Thrashers,2011-03-25,0,1,3,0.0,80.0,31.0,26.0,40.5,Vancouver Canucks,vs,0.85,0.875,1.0,2.5,2.475,3.4,3.5,15.51,82.47999999999999,34.8,27.9,48.61,68.0,558.0,0.8781362007168458
Atlanta Thrashers,2011-03-27,2,4,4,0.0,100.0,47.0,28.0,54.8,Ottawa Senators,vs,0.85,0.825,0.9833333333333333,2.45,2.325,3.35,3.55,15.51,81.47999999999999,35.15,28.0,47.685,67.0,560.0,0.8803571428571428
Atlanta Thrashers,2011-03-29,0,1,3,0.0,100.0,28.0,31.0,46.8,Montréal Canadiens,@,0.9,0.825,1.0166666666666666,2.5,2.275,3.35,3.575,15.51,82.315,35.65,27.55,48.425,67.0,551.0,0.8784029038112523
Atlanta Thrashers,2011-03-31,2,1,0,0.0,100.0,22.0,43.0,42.9,Philadelphia Flyers,@,0.9,0.825,0.9833333333333333,2.35,2.25,3.25,3.55,14.079999999999998,83.565,35.35,27.5,48.505,65.0,550.0,0.8818181818181818
Atlanta Thrashers,2011-04-02,0,2,3,33.3,100.0,30.0,24.0,31.7,Boston Bruins,@,0.9,0.875,1.0166666666666666,2.25,2.25,3.15,3.45,13.079999999999998,85.22999999999999,34.7,28.2,47.964999999999996,63.0,564.0,0.8882978723404256
Atlanta Thrashers,2011-04-05,0,3,6,0.0,75.0,36.0,24.0,51.7,Nashville Predators,@,0.9,0.85,1.0166666666666666,2.25,2.25,3.15,3.45,14.745,85.22999999999999,34.05,28.55,46.905,63.0,571.0,0.8896672504378283
Atlanta Thrashers,2011-04-07,2,3,0,0.0,100.0,26.0,29.0,45.5,New York Rangers,@,0.9,0.85,1.0166666666666666,2.25,2.25,3.25,3.45,12.245000000000001,83.97999999999999,34.05,28.15,46.559999999999995,65.0,563.0,0.8845470692717584
Atlanta Thrashers,2011-04-08,0,1,6,0.0,71.4,19.0,32.0,48.2,Carolina Hurricanes,vs,1.0,0.85,1.0166666666666666,2.25,2.275,3.0,3.4,12.245000000000001,85.85499999999999,33.8,28.3,46.559999999999995,60.0,566.0,0.8939929328621908
Atlanta Thrashers,2011-04-10,0,2,5,40.0,66.7,39.0,20.0,50.0,Pittsburgh Penguins,vs,1.0,0.85,0.9833333333333333,2.25,2.275,3.1,3.475,10.995000000000001,84.425,32.7,27.95,46.940000000000005,62.0,559.0,0.889087656529517
